-- phpMyAdmin SQL Dump
-- version 4.0.10.18
-- https://www.phpmyadmin.net
--
-- 主机: localhost
-- 生成日期: 2017-05-24 08:52:33
-- 服务器版本: 10.1.20-MariaDB
-- PHP 版本: 5.4.16

SET SQL_MODE = "NO_AUTO_VALUE_ON_ZERO";
SET time_zone = "+00:00";


/*!40101 SET @OLD_CHARACTER_SET_CLIENT=@@CHARACTER_SET_CLIENT */;
/*!40101 SET @OLD_CHARACTER_SET_RESULTS=@@CHARACTER_SET_RESULTS */;
/*!40101 SET @OLD_COLLATION_CONNECTION=@@COLLATION_CONNECTION */;
/*!40101 SET NAMES utf8 */;

--
-- 数据库: `mydb`
--

-- --------------------------------------------------------

--
-- 表的结构 `survey`
--

CREATE TABLE IF NOT EXISTS `survey` (
  `id` bigint(20) NOT NULL AUTO_INCREMENT,
  `uid` bigint(20) NOT NULL,
  `title` varchar(100) NOT NULL,
  `icheckcolor` varchar(100) NOT NULL,
  `ichecktype` varchar(100) NOT NULL,
  `has_delete` int(11) NOT NULL,
  PRIMARY KEY (`id`),
  KEY `survey_ibfk_1` (`uid`)
) ENGINE=InnoDB  DEFAULT CHARSET=utf8 AUTO_INCREMENT=5 ;

--
-- 转存表中的数据 `survey`
--

INSERT INTO `survey` (`id`, `uid`, `title`, `icheckcolor`, `ichecktype`, `has_delete`) VALUES
(1, 1, '法峨峨', 'orange', 'flat', 0),
(2, 1, '三翻四复', 'blue', 'square', 1),
(3, 14, '萨法所', 'pink', 'flat', 0),
(4, 15, '萨法司法', 'red', 'flat', 0);

-- --------------------------------------------------------

--
-- 表的结构 `survey_item`
--

CREATE TABLE IF NOT EXISTS `survey_item` (
  `id` bigint(20) NOT NULL AUTO_INCREMENT,
  `sqid` bigint(20) NOT NULL,
  `type` int(11) NOT NULL,
  `content` varchar(100) NOT NULL,
  PRIMARY KEY (`id`),
  KEY `sqid` (`sqid`)
) ENGINE=InnoDB  DEFAULT CHARSET=utf8 AUTO_INCREMENT=15 ;

--
-- 转存表中的数据 `survey_item`
--

INSERT INTO `survey_item` (`id`, `sqid`, `type`, `content`) VALUES
(1, 1, 1, '法萨斯菲'),
(2, 1, 1, '的德国的哥哥'),
(3, 1, 1, '德国搜索广告'),
(4, 2, 2, '三个三个'),
(5, 2, 2, '反复复'),
(6, 3, 1, '德国的哥哥'),
(7, 4, 2, '岁的哥哥过'),
(8, 5, 1, '为吞吞吐吐'),
(9, 5, 1, '吞吞吐吐'),
(10, 6, 2, '吞吞吐吐'),
(11, 7, 2, '法司法官'),
(12, 7, 2, '阿司法司法'),
(13, 7, 2, '阿斯方法'),
(14, 8, 1, '阿法丰富');

-- --------------------------------------------------------

--
-- 表的结构 `survey_question`
--

CREATE TABLE IF NOT EXISTS `survey_question` (
  `id` bigint(20) NOT NULL AUTO_INCREMENT,
  `sid` bigint(20) NOT NULL,
  `question` varchar(100) NOT NULL,
  PRIMARY KEY (`id`),
  KEY `sid` (`sid`)
) ENGINE=InnoDB  DEFAULT CHARSET=utf8 AUTO_INCREMENT=9 ;

--
-- 转存表中的数据 `survey_question`
--

INSERT INTO `survey_question` (`id`, `sid`, `question`) VALUES
(1, 1, '的方法方法'),
(2, 1, '的第三方'),
(3, 1, '的方法方法'),
(4, 2, '司法方法'),
(5, 3, '台湾突然'),
(6, 3, '额头王'),
(7, 4, '阿司法司法'),
(8, 4, '阿斯发放');

-- --------------------------------------------------------

--
-- 表的结构 `users`
--

CREATE TABLE IF NOT EXISTS `users` (
  `id` bigint(20) NOT NULL AUTO_INCREMENT,
  `username` varchar(100) NOT NULL,
  `password` varchar(100) NOT NULL,
  `email` varchar(100) NOT NULL,
  `photo` longblob,
  `phototype` varchar(100) DEFAULT NULL,
  `type` int(11) NOT NULL,
  `status` int(11) NOT NULL,
  `link` varchar(100) NOT NULL,
  `psignature` varchar(100) DEFAULT NULL,
  PRIMARY KEY (`id`)
) ENGINE=InnoDB  DEFAULT CHARSET=utf8 AUTO_INCREMENT=16 ;

--
-- 转存表中的数据 `users`
--

INSERT INTO `users` (`id`, `username`, `password`, `email`, `photo`, `phototype`, `type`, `status`, `link`, `psignature`) VALUES
(1, 'Taurus-uomini', 'ed0d90b2bad56c81d46d6c8f088fc843', '18072307168@163.com', 0xffd8ffe000104a46494600010100000100010000ffdb004300080606070605080707070909080a0c140d0c0b0b0c1912130f141d1a1f1e1d1a1c1c20242e2720222c231c1c2837292c30313434341f27393d38323c2e333432ffdb0043010909090c0b0c180d0d1832211c213232323232323232323232323232323232323232323232323232323232323232323232323232323232323232323232323232ffc000110800c800c803012200021101031101ffc4001f0000010501010101010100000000000000000102030405060708090a0bffc400b5100002010303020403050504040000017d01020300041105122131410613516107227114328191a1082342b1c11552d1f02433627282090a161718191a25262728292a3435363738393a434445464748494a535455565758595a636465666768696a737475767778797a838485868788898a92939495969798999aa2a3a4a5a6a7a8a9aab2b3b4b5b6b7b8b9bac2c3c4c5c6c7c8c9cad2d3d4d5d6d7d8d9dae1e2e3e4e5e6e7e8e9eaf1f2f3f4f5f6f7f8f9faffc4001f0100030101010101010101010000000000000102030405060708090a0bffc400b51100020102040403040705040400010277000102031104052131061241510761711322328108144291a1b1c109233352f0156272d10a162434e125f11718191a262728292a35363738393a434445464748494a535455565758595a636465666768696a737475767778797a82838485868788898a92939495969798999aa2a3a4a5a6a7a8a9aab2b3b4b5b6b7b8b9bac2c3c4c5c6c7c8c9cad2d3d4d5d6d7d8d9dae2e3e4e5e6e7e8e9eaf2f3f4f5f6f7f8f9faffda000c03010002110311003f00f7fa28a2800a28a2800a28a2800a28a2801296a9cfa85a5b67cfbb822c75df2aaff3aced4357b958d468f66ba94ef82313048907ab3f3f9004d26d20b1b4ce114b31000ea4d654be22d1e3b8fb3bdfc2d32f5446dc47d715c85dd86a775ac7db35abdba648d82db59c2310e7fdd07e766c1da09f9464b1c71572c1f4f479218208a77ddf3adb4026653fed3f11ab7b01593af05d4a50674d6fae699732ec8ef2332ff74e54fe46b495d5c65581fa56102ad16d68a765c731cc22607f9d2471a4528fb04e1189ff00513657fef93fd071446b425b307068e868aa369786663148bb645ea0d5ead890a28a2800a28a2800a28a2800a28a2800a28a2800a28a2800a28a2800a28a649208a3673d050041777296d11620bbe3855ea6b02fb4abed581fed1b893ca7e05a432b451aaffd3465f998fb0207f3ad62c54f9eff00789c019e87d3fcfbd45348cc550372dd4fa0ef5c589c5c6969d4d210b9cd47e08f0e4372658346b079c6479f2db8654f6553d4fb9cfd7b5364f0d5a3ce27d3e25b7997205e02c87df62465463dcfeb5d04e3708edd38dfd71d9475ff000fc6a42b81c703d2bc5ab8d9cba9d11824538a090589b6bdb83785815777454dc0f6c2d3d16382148608d228906111176aa8f6152b1a858d79f3ad27d4de31405e90bee1b5b0cbe86a3279a4a51ad25b1a721762bbc32ef1bb1d3d6b5e0b849d78ebe95cc99638f97755fa9ab3677b0b483ca9d0b7b357b582c5c93e57b1cd5682b5d1d1d1daa3865f3133dfb8a79af713baba385e83a8a28aa00a28a2800a28a2800a28a2800a28a2800a28a28012a9de3ec5dc7a20dc07ab76fd6ae550be01f6a9ec413f81cd6188a9ece0e45415dd8ae7fd62203958d7f5ff0039fce9aa3323b1ff007453b0324f73457cbd5aae72bb3ad2b0606738e7a669b21c0a70aab79711dbc7be46c7603b9ac1abec5c56a35ce2aa4d7017a9ace9b50bcb995e3b78d6309feb1e43feaffdec74fa75ac5b8bc93cd2ad7c927fb919c7eb5ac3015ea2ba89b2a94e3f133a06be55ef59973ac4b348f0dab0444c0926232173d001dd8f6158d34cd246cb1dc8593b798840fcc526971ccb7b6f672294ded88e55390cc47cf2061e833f4aebc3e5b352bd45a0a78885bdc66c4b1a59402eef03b6ee228d8e5e43df7376fa2fe754e6babcbb433caeb6f0f6c0da3f00393557c47aca44af7891abac6441670b9c29f4ddedd59bff00af5c56b9ad6bda278805adcf8a1279362b96b35530267f8718af7a34e14d5a28e1b4aa3bb675a35a82ca6dc35992d9f380f22491affdf4463f3aed347f15cf1491dbeae54a498f2ee9718f6ce3823dc5739e14bfb7f15a4da56a76f02ea7144260d10f92e233fc58ecc32323dea8cfa63f85b524b3e4e8f76fb3cb3d2da53d197d14f422b48cee673872bb33da472296b9af085fc973a73d9ccc4cb68db327a95fe1fea3f0ae96b42028a28a0028a28a0028a28a0028a28a0028a28a004aceb86cc8d5a359773c4adf5af373376a46d47e223cd19a616a61715f34d9d761f24ab142d239c00326b296de6bcbb23e6120506520e0c4add114f6623966ec3a75ab3713c26582399d446d20ce4f5039c7e9555af5adbc2d2ce062e2e879ac7de5e7f45c0af6b2cc34649d492f439eb4dc7dd4739e22d56d618648d664b6d2ac8619d57018fb0ee49e82b89d47c57a9e9ff659a3d023b4b5b91bade5bf24c932fa80381d7de9fe3f59e0b1d0982930bcf2bb0c70ceaa36e7f36af39bfd4f50bf78e2bebb9ae05baec856462446be8a3b0af65ddbb2222928f33573d7b45d525d78b40a96f15faa97fb2dc46364ca3a98e45c1e3e871ef56d9258b7794935b38f966b766e573ee38653d985711e064b89751d1a4f31c5c417aab12f3968d8e187d31babd8f5fb15118b955f9a13b4fba37047f23f852a727b31d682566b66792f8d927926d3a18f708d92400f4cb12bc7d715c341a64eb2088c6c1b3c0c57d01a569fa7eaa65d2752843c737cf130e0a48bdd4f638cd35be18c8662b1eaa16d88c60db65f1f5ce294dc93d074dd3924a6ed6313e1b58b2eb3a7a0b73e759c1279f2e4602b0e17f33fa5759f112d90e8b7321182abb81f422b7340f0f587876d1e2b3572f210d34d21cbc8c06327fc2b8df1eeb51ea5790e83692069266fdf303c2463ef1a88fb8bcc5524aa4ef1d91b1e07667d42694e7f796ea5bebc57775cb783ecfcab79ae0a951261501feed7535d260145145001451450014514500145145001451450025705acf8e34fd3b55bab3bcb7ba85a16c09366e571ea315df57987c52d19e4f2b51862e0aec9182e707b66b0af4235a3cb22e13e577295d7c4fd26207ca86e653ec98ae7ef7e2a5dc99167a7a27bc8d9ae16e5260c479aa3e82ab2594d2b7cbe7ca7d1549ae28e0b0d0d5ea6fed66f63d25b58b9f15fc3f9a5b89145de997c92c810632848c37e1f30fc2bbc27edbe14b08d4e5e089770fa0dbfd2bcc3e1fe9b731eb3359df58ceb63a85b3c0ef221015baa9fe9f8d767e11d424b379b4bd48307b595a0dc7a3f7fd460ff00df55df4e54d47963b184e32bdd97e6d02cbc51e1b3a65e16421f7472a7de8a41d187e7d2b8c93e15ead05c0cd8c3a80cf12c732a03e84e79fc2bbe90b6877fe6365ace6e778e76fbd7456da8dbbc41d678cafaef144e372a9d49436395f07f82a4d16617fa84d1bdc246521863e5221dceeeeddbd054be39d5534fd363b75399eee64891475c16e6ad6bfe3ad1f45b7767bb8e5940fb88dc0fa9ae074a4d4bc5be214d6af91d2de3ff008f48987249fe323b003a5446db44a94a527cd33afb1d31eea232472f9732be6239c12dd78f7a9f51f15ebfa62851a24576c072c26d84fbe318fd6b8ff1a0fb6ea767616b2baae9b96f323620f9c7a9047a0c0fceb4b4df14eb70c0b0df450dfa8e03c836bfe2475fcab29e328a6e2d971c34da5248af7fe26f1aebaa6086c22d3a26e092f93fa726adf877c16d645ee6f1de4965c196693ef3fa28f41ed5ad0f88e471fbbd32088fa96ddfd2aca5edc5d481a77cfa01c01f85652c6528fc3ab2d61aa4b7d11d7d8c691d9c6b18c2e2acd51d324df683d8d5eaeea72e68a6724d5a4d0b45145684851451400514514005145140051451400547222c91b2300548c106a4a4a4d01cc4fa459aca4fd920ce7af962982c615e16241f45adabe8f0e18771540d7cd6394a151ab9e8529de25536c98c6d1f9566de68b04fb9946d73d7d0d6d1a6915e7c6bce0ee99b5fb98505ec9a7db9b3d4a379ed7f85c0dc56b3af7c1ba06b805c5b5c4477e7a398dbfa575524092290c320d73da8f8752462d1a29f6af4a8e6b24ad35733fabc64f476336dfe1d685a6cab7374f6ff0029dc1ee25df8ff00be8d5ebcd76d6d6136ba229795860dd15c04ff0077d4fbd677f61156e62e6ae41a56de586055d5ccdb8f2c158b861127793b99b65a6f3c8c93c927bd6ca58c6140c734e2f0db2fde03eb55a5bc9e6945bda212ec326461f2c6bfde3fd077af3173cb53aafd0b2b6e17a548afe57278a95408e20b9ce0753deb2b54bc1142d83daae9cf50295e78befadbc71e1cb3b19d9617b864ba8c7dd78d87391ed8c835ec35f3ce99186be9b5493994b6c87d8773fe7d2bdf2c04a34fb613ff00aef2977ffbd8e6beaf0d16a8c6e78f8971751d8b7451456c60145145001451450014514500145145001451450054bc506027d0e6b0ae6fadedbfd6caabec4d6cea8651a74c6160adb7afa579acf11927652cef375200dc6b8b1182855973ce5645c6b4a1eec55d9b93788ed54fc819bf4a857c4d1923f7279ff68563ae8d74e062d981ce72ed8e2897c3d7217222e9e8f5cbf54c02f75cf535f695f7e547496faed9ccc11a4f29fd24e29ba9e8f6ba9bc33bb4893c3feaa589ca95cfd3a8ae1ae20bcb52525565cff7875ab7a7eb77568db55f2878f28fdd1f4f4a9ad94a71f694257153c5da5cb5158eac595c469b44f23e3bf9b8fe60d5492dee42fef65cff00bf371ff8ea8a643af43739427638eaa6b3f59d4d6d6c67b9fbc2242f81df15e4bf6d19724a2afe87a7149ae6be8172f63691b3dddcdbc49fdefbbff8f31a758ea9637116db09e09231d7ca9039fa935e29a8ddb6ab74f3ddbb5c5cb72013f2a0f451d8566d85fc9637be7593bc5327cdc715eaff0066ca70d65afe0737d6e2a5648fa21ee709d6b96d6ae5a622143f339da2b3742f14beafa7933285993ef63bfbd54bdd4560b9334a7e509f2e7d49c0ff00d9ab970f809fb6e597436a9898aa7cc8d3b4db2ddc3690728b80083fad7b7693746eec2377ff0058061feb5e21e102973acc7df0bbb3f5af63d0df649245d88cd7a72c55b10a8adad638e547f75cef737a8a28af44e40a28a2800a28a2800a28a2800a28a2800a28a28033751824bad32e6da0b86b796589912651b8c6c470d83d71d6b2adb4d8ec2da3800566450aee0637b6396fc7ad74d59b78b898fbd79d98afdd5cda83b48a3e58a51183c629c69a1c67ad7ccb3b6ecc1be805bccf15d2896ce63c161f70d725ae68b269cd25d07692d98fca40fb9ecdfe35e8d710a5cc4c8ea0a918c57373c92e94e6dee079968dc2b3738f635d782c7d4c3cfcbb0a7878568d9ee70e672422c8ec8a99231dab2b53d7e6b7b7922942c8195951bb3f6c62ae78cfc8d39336d71e5f9cac539ff57d87e15cd5af847c4575a25cea49652c5631a89b1237cd205e4950793eb5f473961eb423564b56714156a2dd34cc0365345be48a654ddd7b9ace11b89339249f6ad2fb46f90a94c8ea083c1152a8dc32116b78aec43f32fe8127d91c13f74f047b52dc09e5d556cc5def6691444efc2f5c0cfa7defd6aa2ceb060bee51eb8e29d6b10bbd5ad479ca9ba551e6336028c824e7f0a25eeab95169e87a77823c35ac68ba84b26a567e5a050919490382077e2bd4747e2f7eaa6b12dafa39630c922b29ee0e6b7b430659649b1f2a8da0fad7830bcf14a5d4eeaad2a4d1bf451457d01e6851451400514514005145140051451400514514009542fc7ce0fb55fed5997d71089960f313ce2a5fcbcf3b738cfe75c98d8f3516694be245523355e5b48de41211f3af420f4ab058530b8af939ee77ab91ac850ed739f7a6dd5ac379098e450c0f634b260820d66df6ae9a445e6ce1de2ff606587f8d4c632a8f952bb2b6f78ab6be09d1e0d4cea57311bab85c0884ff0032c407f757fa9ad7bebd82d6d9e59e448e241966738005727a8fc47d261849b55b8ba97b224457f327a579e6afa9eb5e29b9ff00490cb6e0e5204e117ebea7eb5ebe1b0389ab25ed2e9239aa62210f7af7661eb56d612ebb732692adf61793720231b49eb8ff0066a08ed1de46024c018006dae863d244519f339603eead476b02c3333ca982c72a3b57d552a0a9a48f3675b99982f0234cf06f967741991204fbbec4fafb53ed2dec6e223f668c00bc32e30c0fa30356a6d39e18e4b3782e26b4691a68a6b660ac5bfbafebd7ad3ecade5479ae66554924010428776c51dd9bbb55b89299a3a3c66c14bc2cea1486c062075af66d3fc57a65b5e58e9af2b79f7c76c2a8bb80e33f363ee8f7af1fb57c48b120fbdc64d6859843f759977b9dc4310c471b79ae6ab864e6a4ba1d30abee38b3e87a2b1f43132e9300992e508cec5ba7dd284cfcbbce4e4e31d4e7d79cd6c548828a28a0028a28a0028a28a0028a28a0028a28a004ae1bc591df0d562b873b6ce340222a064b13f364f51fcba5773597ade9ff00da3a73c6bfeb14653eb4e2937696c4cafd0e064d66e213b5666dbeadcd57b0f10dcdf41e6f9cc832c0743903bd41796f2c4d99232a4fde46eabec6b364923b3b6c9db1c79da09e99f4aa797e1a5af2a33facd64ed73627d7240db56ea561dfa0ac1bfbe9751ba784cb298d137367e6efdbf5aa4649ee8e2d616627f8cfca8a3dd8ff004ab11c51da26cf33cc76e649718cb7a7d05691c1e1e0d38455c975eab5ef3d0a89636848fdf3a9ff006901a99ed0c432972857eb4fdf0e70e79ec6abbac23256404d75e863a88e0818ddbbd7150482378c09366339e4d3d846bd58531e1dc09f94ad2b858ab243096f902f5a89a545caa0e3daa59caafc8a4051d8542aabb7dbd2a6e5d89e197691b7efb719f4f7ad2d2607b9d46ced9063cf95117f16c565af71ddb8fa0af42f879a03deea51eab32916f664f97e8d2118c7b800e7eb8aca72b1b411eb5d0514515ca6a145145001451450014514500145145001451450014514500626ada0dbea48cd8d9311f7c7f17d7fc6bce75ad1eef479479d1b2a6ef9641ca1fc6bd82a19a18a789a29a359236186561907f0ab8cdc4894133c22e2f0bb02461bd8f159d2cf86fbe6bd27c4bf0feda4865bbd28491cabf31807cc1bfddef9f6af2bba45427132b63deba235533195363cdc6e3826abbb1c921b8aa525c056e5e9a6f97a30ddfee9aae617296fed0d90a707f0a904cfb79e07a56436a7631300d39cff00740c9fd2a78f5749595228e572c76aa84e58fa543914a25be59ba124d48abef5e93a4fc29965b78a6d56f8c2eca0b5bc08095f6dc78cfe15d8e93e0ad0b4665920b312ccbd259cef61ee3b0fc0543a88b503cebc2be03bed61d2e6ed1ed6c3aef6187907fb23fa9fd6bd86ced20b0b48ad6da2114312ed545e82ad5158b9366895828a28a430a28a2800a28a2800a28a2800a28a2800a28a2800a28a2800a28a28012bc37e2468057c4173710d9b46b310cbb463cc381b88f5e6bdcabc67e31dd23ebfa758c8eeb1fd959ce0e31b9b19ff00c769c65cba92d5cf19bf8e382421cb21f46c8addd62c60bdf849a5ea9656f6eaf657935adf5c47b448db98347bbb9e1b15ceeafa35c167fb3df4b32678492426a8492eb76fa48d15a49d6c259fcffb383f2b4980bb8fe00554a7708c6c55b39a3180d22afd4d7bafc20f064af769e23d46d55ad563cd91620ee7cfdf03d86719f5e2bc574ab0b7b5d63fe262e86281be641cee23b57d6bf0f6e7ed9e0ab1b81088a373218d71fc3bdb14b9ddac3e5ea7574514548c28a28a0028a28a0028a28a0028a28a0028a28a0028a28a0028a28a0028a28a0028a28a002b3af74cb2d4e2315e5ac73a9564f9d41201e0e0f6fc28a2803cdb55f817a4de33be99aaddd913fc2e82503e9ca9fd6b0cfecf3745c31f17600edf6127ff006ad1450075fa7fc1af0658325c49632dd4aa3733cd3be18f73b41fd2bbdb7820b4b58e182348a08d42a2a2e0281d0014514016a8a28a0028a28a0028a28a0028a28a0028a28a00ffd9, ' image/jpeg', 1, 1, '', '烦躁的心情..................................'),
(4, '魏煜宸', 'df9e13df3f4661cd9c1828247b9f928b', '18072307168@163.com', 0xffd8ffe000104a46494600010100000100010000ffdb004300080606070605080707070909080a0c140d0c0b0b0c1912130f141d1a1f1e1d1a1c1c20242e2720222c231c1c2837292c30313434341f27393d38323c2e333432ffdb0043010909090c0b0c180d0d1832211c213232323232323232323232323232323232323232323232323232323232323232323232323232323232323232323232323232ffc000110800c800c803012200021101031101ffc4001f0000010501010101010100000000000000000102030405060708090a0bffc400b5100002010303020403050504040000017d01020300041105122131410613516107227114328191a1082342b1c11552d1f02433627282090a161718191a25262728292a3435363738393a434445464748494a535455565758595a636465666768696a737475767778797a838485868788898a92939495969798999aa2a3a4a5a6a7a8a9aab2b3b4b5b6b7b8b9bac2c3c4c5c6c7c8c9cad2d3d4d5d6d7d8d9dae1e2e3e4e5e6e7e8e9eaf1f2f3f4f5f6f7f8f9faffc4001f0100030101010101010101010000000000000102030405060708090a0bffc400b51100020102040403040705040400010277000102031104052131061241510761711322328108144291a1b1c109233352f0156272d10a162434e125f11718191a262728292a35363738393a434445464748494a535455565758595a636465666768696a737475767778797a82838485868788898a92939495969798999aa2a3a4a5a6a7a8a9aab2b3b4b5b6b7b8b9bac2c3c4c5c6c7c8c9cad2d3d4d5d6d7d8d9dae2e3e4e5e6e7e8e9eaf2f3f4f5f6f7f8f9faffda000c03010002110311003f00f7fa28a2800a28a2800a28a2800a28a2801296a9cfa85a5b67cfbb822c75df2aaff3aced4357b958d468f66ba94ef82313048907ab3f3f9004d26d20b1b4ce114b31000ea4d654be22d1e3b8fb3bdfc2d32f5446dc47d715c85dd86a775ac7db35abdba648d82db59c2310e7fdd07e766c1da09f9464b1c71572c1f4f479218208a77ddf3adb4026653fed3f11ab7b01593af05d4a50674d6fae699732ec8ef2332ff74e54fe46b495d5c65581fa56102ad16d68a765c731cc22607f9d2471a4528fb04e1189ff00513657fef93fd071446b425b307068e868aa369786663148bb645ea0d5ead890a28a2800a28a2800a28a2800a28a2800a28a2800a28a2800a28a2800a28a649208a3673d050041777296d11620bbe3855ea6b02fb4abed581fed1b893ca7e05a432b451aaffd3465f998fb0207f3ad62c54f9eff00789c019e87d3fcfbd45348cc550372dd4fa0ef5c589c5c6969d4d210b9cd47e08f0e4372658346b079c6479f2db8654f6553d4fb9cfd7b5364f0d5a3ce27d3e25b7997205e02c87df62465463dcfeb5d04e3708edd38dfd71d9475ff000fc6a42b81c703d2bc5ab8d9cba9d11824538a090589b6bdb83785815777454dc0f6c2d3d16382148608d228906111176aa8f6152b1a858d79f3ad27d4de31405e90bee1b5b0cbe86a3279a4a51ad25b1a721762bbc32ef1bb1d3d6b5e0b849d78ebe95cc99638f97755fa9ab3677b0b483ca9d0b7b357b582c5c93e57b1cd5682b5d1d1d1daa3865f3133dfb8a79af713baba385e83a8a28aa00a28a2800a28a2800a28a2800a28a2800a28a28012a9de3ec5dc7a20dc07ab76fd6ae550be01f6a9ec413f81cd6188a9ece0e45415dd8ae7fd62203958d7f5ff0039fce9aa3323b1ff007453b0324f73457cbd5aae72bb3ad2b0606738e7a669b21c0a70aab79711dbc7be46c7603b9ac1abec5c56a35ce2aa4d7017a9ace9b50bcb995e3b78d6309feb1e43feaffdec74fa75ac5b8bc93cd2ad7c927fb919c7eb5ac3015ea2ba89b2a94e3f133a06be55ef59973ac4b348f0dab0444c0926232173d001dd8f6158d34cd246cb1dc8593b798840fcc526971ccb7b6f672294ded88e55390cc47cf2061e833f4aebc3e5b352bd45a0a78885bdc66c4b1a59402eef03b6ee228d8e5e43df7376fa2fe754e6babcbb433caeb6f0f6c0da3f00393557c47aca44af7891abac6441670b9c29f4ddedd59bff00af5c56b9ad6bda278805adcf8a1279362b96b35530267f8718af7a34e14d5a28e1b4aa3bb675a35a82ca6dc35992d9f380f22491affdf4463f3aed347f15cf1491dbeae54a498f2ee9718f6ce3823dc5739e14bfb7f15a4da56a76f02ea7144260d10f92e233fc58ecc32323dea8cfa63f85b524b3e4e8f76fb3cb3d2da53d197d14f422b48cee673872bb33da472296b9af085fc973a73d9ccc4cb68db327a95fe1fea3f0ae96b42028a28a0028a28a0028a28a0028a28a0028a28a004aceb86cc8d5a359773c4adf5af373376a46d47e223cd19a616a61715f34d9d761f24ab142d239c00326b296de6bcbb23e6120506520e0c4add114f6623966ec3a75ab3713c26582399d446d20ce4f5039c7e9555af5adbc2d2ce062e2e879ac7de5e7f45c0af6b2cc34649d492f439eb4dc7dd4739e22d56d618648d664b6d2ac8619d57018fb0ee49e82b89d47c57a9e9ff659a3d023b4b5b91bade5bf24c932fa80381d7de9fe3f59e0b1d0982930bcf2bb0c70ceaa36e7f36af39bfd4f50bf78e2bebb9ae05baec856462446be8a3b0af65ddbb2222928f33573d7b45d525d78b40a96f15faa97fb2dc46364ca3a98e45c1e3e871ef56d9258b7794935b38f966b766e573ee38653d985711e064b89751d1a4f31c5c417aab12f3968d8e187d31babd8f5fb15118b955f9a13b4fba37047f23f852a727b31d682566b66792f8d927926d3a18f708d92400f4cb12bc7d715c341a64eb2088c6c1b3c0c57d01a569fa7eaa65d2752843c737cf130e0a48bdd4f638cd35be18c8662b1eaa16d88c60db65f1f5ce294dc93d074dd3924a6ed6313e1b58b2eb3a7a0b73e759c1279f2e4602b0e17f33fa5759f112d90e8b7321182abb81f422b7340f0f587876d1e2b3572f210d34d21cbc8c06327fc2b8df1eeb51ea5790e83692069266fdf303c2463ef1a88fb8bcc5524aa4ef1d91b1e07667d42694e7f796ea5bebc57775cb783ecfcab79ae0a951261501feed7535d260145145001451450014514500145145001451450025705acf8e34fd3b55bab3bcb7ba85a16c09366e571ea315df57987c52d19e4f2b51862e0aec9182e707b66b0af4235a3cb22e13e577295d7c4fd26207ca86e653ec98ae7ef7e2a5dc99167a7a27bc8d9ae16e5260c479aa3e82ab2594d2b7cbe7ca7d1549ae28e0b0d0d5ea6fed66f63d25b58b9f15fc3f9a5b89145de997c92c810632848c37e1f30fc2bbc27edbe14b08d4e5e089770fa0dbfd2bcc3e1fe9b731eb3359df58ceb63a85b3c0ef221015baa9fe9f8d767e11d424b379b4bd48307b595a0dc7a3f7fd460ff00df55df4e54d47963b184e32bdd97e6d02cbc51e1b3a65e16421f7472a7de8a41d187e7d2b8c93e15ead05c0cd8c3a80cf12c732a03e84e79fc2bbe90b6877fe6365ace6e778e76fbd7456da8dbbc41d678cafaef144e372a9d49436395f07f82a4d16617fa84d1bdc246521863e5221dceeeeddbd054be39d5534fd363b75399eee64891475c16e6ad6bfe3ad1f45b7767bb8e5940fb88dc0fa9ae074a4d4bc5be214d6af91d2de3ff008f48987249fe323b003a5446db44a94a527cd33afb1d31eea232472f9732be6239c12dd78f7a9f51f15ebfa62851a24576c072c26d84fbe318fd6b8ff1a0fb6ea767616b2baae9b96f323620f9c7a9047a0c0fceb4b4df14eb70c0b0df450dfa8e03c836bfe2475fcab29e328a6e2d971c34da5248af7fe26f1aebaa6086c22d3a26e092f93fa726adf877c16d645ee6f1de4965c196693ef3fa28f41ed5ad0f88e471fbbd32088fa96ddfd2aca5edc5d481a77cfa01c01f85652c6528fc3ab2d61aa4b7d11d7d8c691d9c6b18c2e2acd51d324df683d8d5eaeea72e68a6724d5a4d0b45145684851451400514514005145140051451400547222c91b2300548c106a4a4a4d01cc4fa459aca4fd920ce7af962982c615e16241f45adabe8f0e18771540d7cd6394a151ab9e8529de25536c98c6d1f9566de68b04fb9946d73d7d0d6d1a6915e7c6bce0ee99b5fb98505ec9a7db9b3d4a379ed7f85c0dc56b3af7c1ba06b805c5b5c4477e7a398dbfa575524092290c320d73da8f8752462d1a29f6af4a8e6b24ad35733fabc64f476336dfe1d685a6cab7374f6ff0029dc1ee25df8ff00be8d5ebcd76d6d6136ba229795860dd15c04ff0077d4fbd677f61156e62e6ae41a56de586055d5ccdb8f2c158b861127793b99b65a6f3c8c93c927bd6ca58c6140c734e2f0db2fde03eb55a5bc9e6945bda212ec326461f2c6bfde3fd077af3173cb53aafd0b2b6e17a548afe57278a95408e20b9ce0753deb2b54bc1142d83daae9cf50295e78befadbc71e1cb3b19d9617b864ba8c7dd78d87391ed8c835ec35f3ce99186be9b5493994b6c87d8773fe7d2bdf2c04a34fb613ff00aef2977ffbd8e6beaf0d16a8c6e78f8971751d8b7451456c60145145001451450014514500145145001451450054bc506027d0e6b0ae6fadedbfd6caabec4d6cea8651a74c6160adb7afa579acf11927652cef375200dc6b8b1182855973ce5645c6b4a1eec55d9b93788ed54fc819bf4a857c4d1923f7279ff68563ae8d74e062d981ce72ed8e2897c3d7217222e9e8f5cbf54c02f75cf535f695f7e547496faed9ccc11a4f29fd24e29ba9e8f6ba9bc33bb4893c3feaa589ca95cfd3a8ae1ae20bcb52525565cff7875ab7a7eb77568db55f2878f28fdd1f4f4a9ad94a71f694257153c5da5cb5158eac595c469b44f23e3bf9b8fe60d5492dee42fef65cff00bf371ff8ea8a643af43739427638eaa6b3f59d4d6d6c67b9fbc2242f81df15e4bf6d19724a2afe87a7149ae6be8172f63691b3dddcdbc49fdefbbff8f31a758ea9637116db09e09231d7ca9039fa935e29a8ddb6ab74f3ddbb5c5cb72013f2a0f451d8566d85fc9637be7593bc5327cdc715eaff0066ca70d65afe0737d6e2a5648fa21ee709d6b96d6ae5a622143f339da2b3742f14beafa7933285993ef63bfbd54bdd4560b9334a7e509f2e7d49c0ff00d9ab970f809fb6e597436a9898aa7cc8d3b4db2ddc3690728b80083fad7b7693746eec2377ff0058061feb5e21e102973acc7df0bbb3f5af63d0df649245d88cd7a72c55b10a8adad638e547f75cef737a8a28af44e40a28a2800a28a2800a28a2800a28a2800a28a28033751824bad32e6da0b86b796589912651b8c6c470d83d71d6b2adb4d8ec2da3800566450aee0637b6396fc7ad74d59b78b898fbd79d98afdd5cda83b48a3e58a51183c629c69a1c67ad7ccb3b6ecc1be805bccf15d2896ce63c161f70d725ae68b269cd25d07692d98fca40fb9ecdfe35e8d710a5cc4c8ea0a918c57373c92e94e6dee079968dc2b3738f635d782c7d4c3cfcbb0a7878568d9ee70e672422c8ec8a99231dab2b53d7e6b7b7922942c8195951bb3f6c62ae78cfc8d39336d71e5f9cac539ff57d87e15cd5af847c4575a25cea49652c5631a89b1237cd205e4950793eb5f473961eb423564b56714156a2dd34cc0365345be48a654ddd7b9ace11b89339249f6ad2fb46f90a94c8ea083c1152a8dc32116b78aec43f32fe8127d91c13f74f047b52dc09e5d556cc5def6691444efc2f5c0cfa7defd6aa2ceb060bee51eb8e29d6b10bbd5ad479ca9ba551e6336028c824e7f0a25eeab95169e87a77823c35ac68ba84b26a567e5a050919490382077e2bd4747e2f7eaa6b12dafa39630c922b29ee0e6b7b430659649b1f2a8da0fad7830bcf14a5d4eeaad2a4d1bf451457d01e6851451400514514005145140051451400514514009542fc7ce0fb55fed5997d71089960f313ce2a5fcbcf3b738cfe75c98d8f3516694be245523355e5b48de41211f3af420f4ab058530b8af939ee77ab91ac850ed739f7a6dd5ac379098e450c0f634b260820d66df6ae9a445e6ce1de2ff606587f8d4c632a8f952bb2b6f78ab6be09d1e0d4cea57311bab85c0884ff0032c407f757fa9ad7bebd82d6d9e59e448e241966738005727a8fc47d261849b55b8ba97b224457f327a579e6afa9eb5e29b9ff00490cb6e0e5204e117ebea7eb5ebe1b0389ab25ed2e9239aa62210f7af7661eb56d612ebb732692adf61793720231b49eb8ff0066a08ed1de46024c018006dae863d244519f339603eead476b02c3333ca982c72a3b57d552a0a9a48f3675b99982f0234cf06f967741991204fbbec4fafb53ed2dec6e223f668c00bc32e30c0fa30356a6d39e18e4b3782e26b4691a68a6b660ac5bfbafebd7ad3ecade5479ae66554924010428776c51dd9bbb55b89299a3a3c66c14bc2cea1486c062075af66d3fc57a65b5e58e9af2b79f7c76c2a8bb80e33f363ee8f7af1fb57c48b120fbdc64d6859843f759977b9dc4310c471b79ae6ab864e6a4ba1d30abee38b3e87a2b1f43132e9300992e508cec5ba7dd284cfcbbce4e4e31d4e7d79cd6c548828a28a0028a28a0028a28a0028a28a0028a28a004ae1bc591df0d562b873b6ce340222a064b13f364f51fcba5773597ade9ff00da3a73c6bfeb14653eb4e2937696c4cafd0e064d66e213b5666dbeadcd57b0f10dcdf41e6f9cc832c0743903bd41796f2c4d99232a4fde46eabec6b364923b3b6c9db1c79da09e99f4aa797e1a5af2a33facd64ed73627d7240db56ea561dfa0ac1bfbe9751ba784cb298d137367e6efdbf5aa4649ee8e2d616627f8cfca8a3dd8ff004ab11c51da26cf33cc76e649718cb7a7d05691c1e1e0d38455c975eab5ef3d0a89636848fdf3a9ff006901a99ed0c432972857eb4fdf0e70e79ec6abbac23256404d75e863a88e0818ddbbd7150482378c09366339e4d3d846bd58531e1dc09f94ad2b858ab243096f902f5a89a545caa0e3daa59caafc8a4051d8542aabb7dbd2a6e5d89e197691b7efb719f4f7ad2d2607b9d46ced9063cf95117f16c565af71ddb8fa0af42f879a03deea51eab32916f664f97e8d2118c7b800e7eb8aca72b1b411eb5d0514515ca6a145145001451450014514500145145001451450014514500626ada0dbea48cd8d9311f7c7f17d7fc6bce75ad1eef479479d1b2a6ef9641ca1fc6bd82a19a18a789a29a359236186561907f0ab8cdc4894133c22e2f0bb02461bd8f159d2cf86fbe6bd27c4bf0feda4865bbd28491cabf31807cc1bfddef9f6af2bba45427132b63deba235533195363cdc6e3826abbb1c921b8aa525c056e5e9a6f97a30ddfee9aae617296fed0d90a707f0a904cfb79e07a56436a7631300d39cff00740c9fd2a78f5749595228e572c76aa84e58fa543914a25be59ba124d48abef5e93a4fc29965b78a6d56f8c2eca0b5bc08095f6dc78cfe15d8e93e0ad0b4665920b312ccbd259cef61ee3b0fc0543a88b503cebc2be03bed61d2e6ed1ed6c3aef6187907fb23fa9fd6bd86ced20b0b48ad6da2114312ed545e82ad5158b9366895828a28a430a28a2800a28a2800a28a2800a28a2800a28a2800a28a2800a28a28012bc37e2468057c4173710d9b46b310cbb463cc381b88f5e6bdcabc67e31dd23ebfa758c8eeb1fd959ce0e31b9b19ff00c769c65cba92d5cf19bf8e382421cb21f46c8addd62c60bdf849a5ea9656f6eaf657935adf5c47b448db98347bbb9e1b15ceeafa35c167fb3df4b32678492426a8492eb76fa48d15a49d6c259fcffb383f2b4980bb8fe00554a7708c6c55b39a3180d22afd4d7bafc20f064af769e23d46d55ad563cd91620ee7cfdf03d86719f5e2bc574ab0b7b5d63fe262e86281be641cee23b57d6bf0f6e7ed9e0ab1b81088a373218d71fc3bdb14b9ddac3e5ea7574514548c28a28a0028a28a0028a28a0028a28a0028a28a0028a28a0028a28a0028a28a0028a28a002b3af74cb2d4e2315e5ac73a9564f9d41201e0e0f6fc28a2803cdb55f817a4de33be99aaddd913fc2e82503e9ca9fd6b0cfecf3745c31f17600edf6127ff006ad1450075fa7fc1af0658325c49632dd4aa3733cd3be18f73b41fd2bbdb7820b4b58e182348a08d42a2a2e0281d0014514016a8a28a0028a28a0028a28a0028a28a0028a28a00ffd9, ' image/jpeg', 2, 1, 'cd676af12e738489a94c81b4d6be88fe', '!@#$。。。。。。。。哈哈'),
(6, 'wyj', 'df9e13df3f4661cd9c1828247b9f928b', '372369080@qq.com', 0xffd8ffe000104a46494600010101006000600000ffdb004300080606070605080707070909080a0c140d0c0b0b0c1912130f141d1a1f1e1d1a1c1c20242e2720222c231c1c2837292c30313434341f27393d38323c2e333432ffdb0043010909090c0b0c180d0d1832211c213232323232323232323232323232323232323232323232323232323232323232323232323232323232323232323232323232ffc000110800c800c803012200021101031101ffc4001c0000010501010100000000000000000000000104050607030802ffc4003f10000103030105060306040601050000000102030400051106122131415107132261718114329115334252a1b12362c1d108162443e1f07225445382b2ffc400190100030101010000000000000000000000000102030405ffc4002411000202020202020301010000000000000001021121310312415104221361713205ffda000c03010002110311003f00dfa8a28a00334557757eafb6e8cb3aee1715e547c2c308f9de5fe548fdcf2ac0ae5aab586a49ab9d22f122d8d2feea24570a5284f9e389f33bfd29a561fd3d36ebcdb29da75c4369ce32a200cfbd7de475af224f9b7abcc455b97a95fb8b4da839f0ef3c4f8870209a90d37a8758d8e385dbeef21bd8510624bfe236af40787b53ea3a5ecf5666985def16fb0db9db85ce4a23446f1b6e2f80c9c0acc34f76dd1cba889aaadeab6bca38129acad95799e69fd45695deda750db5680e449f05e478c0525c42927ad2aa0a0b3ea2b3dfd92e5aae71662471ee9c048f51c453f5bedb6e21b53884adcc8424a802ac0c9c0e75e64d53a76d1a4fb40889b26a1f868d254425c8af0539097c82b077a727d78f4a9e77486b09d7e3779fa9d3f1f192910a4b60e376e394630323393ce9f5074bc9b35b357582f3717edf6fbbc57e5b0a2971942fc591c71d71e552d22433163b921f750d34da7696e2d584a47526b0b63b3486dd99a6ccb5b57a6d6a793726329505939c63f2feb486d5acf55ba8b7eb0b862d10c8f0c72126611c092397affcd1d4571f64c6a6ed666dc112d8d18ca551a224aa55da423f848039201e27a7edcea93a43b59bbdae5c899769372bd3cfe1a6618504b6093b8938f9b9000568b36c16f97a7ddb225a11e0b8808d863c3b3839c8f3dd599eb8d3ff00033ec765d3cd3c5d4b6a7034d24ed9567ef14bebbbdb14d50e138bc1e857353daa14469dbacf8b6f794da56e477df485b648c94919e55290e647b8446a5c47db7e3ba9da6dc6ce52a1d41af2c69cb5e9eb65c94e768106f48595f8496cf747cd6a1e23ed5e96d3770b24fb3b1fe5f7e33901b484b698e46ca074c711e86935436a899a4a693ae30ed91952274a663309192e3cb0903eb540bb76dda520171b84b93737920ec88cd9d82ae4368fefbea5262a349da18e22a9ba87b4fd2ba6d4a6a45c5322527ff6f10778bcf438dc3dcd6357fd61aab5829499b2cdb2dcae10e29c150fe65713ff0077543356c8b1995223a3bb528105ce2a19e79355d7d92dc51a544ff1016f7af45b976b762db4255fc52adb74ab90d91bb7fad3f3dbe69aef08fb3aea51f9c349dfedb558e0b6336d8aa7598a65c807f1f1aeb6e9a25a9d61e8c965e6be64637114e914e4b691e98d33abacfab607c65a6507027738d286cadb3d149e553d5e518ab9f60b9a2f3a7dd31e637bd4d8f91e4f34915e83d0bade0eb6b3892c00ccc6b0995149f134afea0f2352d50ad3ca2d745145200a8fbcdda1d8ecf2ae73dc0dc68cd95ad5fb01d493b853d71c436852d6a094a41512a38000e64d79dfb49d6875c5d9366b5b84d8e1b9b4f3c9e121c1d3f9472f3dfd29a561fd206e5779bacefee6a0ba6437f2c28df85a472ddd7a9a6d7695f0b6f7543e7524814f12909484a40000c00390a81beb9b4dbc33b920247d6ad3213ed243db440618851de0da7bf523257cf7d49546d8de5aa22a33c8297a3ab6541437e395497138a629a7db232ba4b662433deb61d2bf0a1a3bf68d49d8bb3a97dda275cee0ab646921204686b3de39b5c1277e3db7d575a7d87aeb22e3315fe9a2a83681c7273c8733c6b4cd31763ab6f02e418719870d052c34b39c1e0147cf8d2b2db715825edba374f5a50131ad51ca86fef1e4f78b27ae4d4ef9522569713b485050ea29691936dec28a28a00293033b5819c6338de2968a4211c421e6cb4ea52b6cf142c6d03ed544d4566568e6ded55a5e49b6486305f8e37b2f02718d9e1cf855f33beb32ed12f62eb39ad330d796db58766ad27811c11edcfce9a2e176576409ba85e45c2fd3df9ef38368216ac2119e400dc29cb4cb6ca765a6d080392535f4000004f0030074a5a6129362514514121c6a0253862ea40e37f8dbf10eb53e484a4951c252324f415555a6439358b93a8298f2d6b4b24f309dc682f8d5d96942c2d095a781de2b943ba4dd237e67515af8a0ecca63f0bc83c41fefd6b8db964b2a6ff29dd4ed680b4a90a19491823ad024e99e93b1de615fecd16e701ddb8f210149ea3aa4f9839068ac03406b277405e5506e0a5af4fcc5e4af8fc3acfe21e5d7fe28a87135af44f76c5ab6e132fa347417551e286d2e4c7127c4e6d0c84fa6388e66a971e3b51584b2ca425091818fdcd4d769ea446ed6a738b4fcf119de3ff1c67f4a813358033de0f41c6a9611137e0ecb586d254af940c9aadcc4992ec76b897e42538eb934fa5cb2feef95b4efff0093535a034f3b7cbd37797db29b6c25e5ac8fbd7470c790e7ed40a2bc8ef5ddbd9b3eb483258fe1b7398297bf29523767e98aabbd2e45d5c5b10945b8c8dce3ff009bc855a7b48b8b37dbc46b1454254a86a2e4891f909dc503faf9fa546b0cb71d8432d242509dc07f7aa29b4926f652021d7221de7ba4381291d547fe2b57d3ce08b6366d101d48952dfee96507c4d2120649e99df542bf36dc28b1531d01090f15e07e6c55b7b29861735d9abf138a4a95b47d703fad2639bed1b35569a432ca19686108484a4740296ab771bfbb26e8dda2d2a01c5ab65c91c767aecfa75ab0b4d371638424e1084ef528fd49348c0e9453281736ae6e3c6282b8ed1d9efb9295cc0f21d6abda9b5c44b3b6b6a32d0e3c37159de949e807e2340d67458e55c588b2588bbd725f5610d278e39a8f4029a6a3d430f4ddad7324a8297821a6b3bdc572f6f3acbad1da0986dcb92611937790e6cb4b52b6b08f31eb4c1d627dee71b85f5d2eacfc8ce77247f4f4a28be95fe8986fb4cba4bb2261428f8bb3aa597240f95b493b881d71cea3e0424c26482b2e3ce1da75d3c56aaecc47662a3bb61a4b69f21c6ba550a525a8852d25141214518a5dd4808dbdad62025a41214fb896811e66acdda3d998b4698b0a62a365b84f7739f250c927d48a89b4c2fb675c5ae09decc6ff0054f7ff005de07ed5a56b0b1ab51e9b9501b500f9c3ac93c36d3bc03ebbe86689d5190c17037276547017bbdea54efaadb4b70296c3eda9992cab61d42860a542a6234d4ad210e1016399e0692264a872f34dbed29a753b4850c14d15f7e9453126d68bd76e7a61694c5d5b141258098d2d239a09f0abd89c7b8ac90a9011b65402319c9e95eb8bb5ae35ead32adb2d1b51e4b4a6963c88e35e6bb0767372b96bd734c4c439f016e78aa54908212b681ca403d54318f7e952b28daac87d37637f58dccc5657dcc0670a92f67c58e400ea6b54d47748da2f48e213496d49488f0da1f9cf03edc49eb5cee7059d2ddb12198ec223c0bc414a1a4369d94a5c46ec0c7a7eb54dd617217ed6823217b70ed49d9ddc14e9e27ebbbdaaaac996ff004455b21aa2c6cbaa2b92e9ef1e59e25477d3de0681e7453336edd91f76b789f1d3e3292d6563038eee15f564d46bb0e9679c601f887db2c37fcaadade7e94f77677d561a88b6efcdc15e4b29714ea075c8a0d20d35d5977ec9d2e3f366ca7d6a5af071b4787006bbebcd689415418cada6d271807ef14399fe51fad55b4e5e1db2d9e63c856ca93de36bf7e950f2d850b4aee127c5224ac019fc29e3ba950faa73b65b4eb2970746c0b6b412ab8490a5abba182124f841f6e35042c264a14e4f7d6a92adfe03b903a0ae96484508f8d9032f38308cfe04f018a96a64ca5d5fd46d12046829c30d00a237acef51f7a7549452336dbcb0cf952f1a4a334c028346ea2900b49e545719ae1660c870714b648a016cb1766114c9b8deaf2a1e02a4c668f50379c7e95a4552b48cfb4699d076b3709cc462fa0be76d5e25151e381bf862ac16cd4f64bcab6205ce3bcb1f836b655f4383499524db2abda0e8f76e1ffaeda5bccf687f1da4ff00bc81cc7f30fd4566f1df44846d278f349e20d7a1fe53d0d65b3f44b9abb5eea166c85a88f408c874a4270979d3c527a677fbd1b2a3f654ca7e48180a3f5a29a2a5169874bc82dbed28a1c6c8c10a1bb18a29531ae36cf671af90057d51523335ed9ed6e3da4d9be44ca67599f4c96d639249015fd0fb5629656949826439f7b2565d51c7535b276eb7331343b76f42b0bb84a4b471f94788fec2b276f6198c80541284a40c938e5571d0a6df548ebef495c44a8c558121a3e8b15d8104641c83cf34cca8293611de070a53b60602b1bc7bd2f2a29815fba5ae4a56e2a182b65f5254e34391cf1f4a99910d894ca197924a1241001e95dcd148a726e851e98a4a5a434c9168ae6ebcd308db79c4b69eaa38a8f5dfe02158429c74ff0022290d45bd12746ea8aff30c6e2a8f2523aec54932ea2432879bcec2c646460d00e2d6cfba5a4a2810534b9b2f4980e30c0495af03c471bb9d3ba05304e88c89658ec00b91fea5e000caf7848e8074a8ebe222a6732cb51cb6adca5bad23c407901565af950da4a80252a23014388a0b53776cb5687d5b05f88e5ad0d5c0a2df1d4f3b266282b2907241c70f2156dec66138f59ae7a8e42487af1314ea09e21b49213edc6b046a2cdfb45361b54d92b7a6ba969c6d04a52b2770ce38f1af5c586d4d58ec506d6c00111584b431cc81bcfb9c9a991ab49657928d7dec9215df5fc5d46975b6e377897664453790f2d3c08f5dd9cff5a2b4ba2a6d8bb30a28dd452118476f32cbda8ec16ee296da71f23cc9007ff9aa54986c4b652dbe8db4839001c6fab0f6c8e977b508edf1eea0a00f751350bceb45a266ea88f363b6918f851ebb46b82accec63de5ba5b8da87fb6b3949f2a97a2993dd9171ef1b2f08f7068c77b913f2abdea5335c64c5665b45a7db0b49e1d47a1afa65a4c7610ca33b0818049c9a01d3d1d296928e14890528212a51f952324f415106e92e7a8a2d91f08e1dfba3007a0a97a40001800003800298d3488b66c8d15f7b35d54a7bf98e123daa4d0d36d2406db4200e494815f5c69690393626f3c6969334502168a292800c52d145001494b49c38d0077d38e2217695a6a584805c93dd2ce38e463fad7a7b15e4371f9d6dbe40b83c7be87165a1fcb69f121208c8fa57a9ec3a86d7a96da89f6996890c2b8ecfcc93d14388353237f0895a28dd454882b9b8ea1a6d4e2d612848254a51c0007124d65ba87b6db74298e42b04072f0fb67654ea15b0c83e4ade55edbab3fd55af3586aeb4aedaec68906238acb898eb3b4b4fe5249e14d458ebd8c75eea181a97b4a7e75add2f454328643b8c0594f123cbce92aa2b8f36defa5e5c2294253b3e0de3d735376fbdb13dcee4a4b4f1e009c857a1aba27922de51264d1ce9bb0ecbb9cff80b25bdeb94b1bd49647853ea780f5a9c5e83ed05a8fdf9b14658e3dd224276ff007a08e8c8ce5494d5b98a4cc5c19b19d85391f330fa7655ed9a77409a6b6252d14628109472a0eea6b2e6a22adb69085bf25d3b2d30d8ca967d28049bd0ee8c795592cbd93eafbe3697ee7359b2b0ade194a7bc771e7c81f7a9c5760f8465bd593c3bd54c829cfa6695a34e9fb33fa4e7527a87436acd20daa53cdb777b6a77adf8c0f78d8eaa4f1fdc5434692ccc612f30bda41fd3c8d325c5a3b5068a5a09128a5a4a6014beb4941a4014dadf70b9e8ebb8bcd85d291fefc627c0ea79823f63c453aa4c7238c5038c9c4f4268fd590358d89ab9c151492765e6547c4caf9a4ff43d28af3fe96d48becff5622700b55a6580dcb693c867e603a8fdb3454d1b53794376186a3329699404a00e039fad74af879d447656eac1d840da3b2326b83173852120a24b7bf928ec91ec6a8c69bc8ef8540dead2d061736300d388f12c277023af91a9576e10d94e5c92d0f4564fd053088f2353ea0b7d8db74c78d32421971e237e09df814cbe3524ed1a259adbae7fcab1c68bb7c6b35a96d25d0ead6854b9648deb513b86790ddbb150b03b4ad6f6196a54c988bab2daca5f8d21b0958c6e20103208f7af444186cdba0c785193b0c30da5a6d3d120605798bb5775bb6f6a9725c3c00a0d2dd4a7815148dacf99a9593456de0d72f16ab1f6bfa29bb9dbb0ddc109263bc461c65c1c5b59e99fee2b1ab7c879d65c66520a25c75965f41e2143755afb19bbaeddae5fb52147e0ee91cbc94720e277e47b669a6be829b676b1734369d96e6b089581f9b1827ea0d0bd1325688aa334b486a8c46f3a5a21445bebdfb23c29eaae42af1a42d4ad22c47966ddf6beb7bab7df31149c261b278296afc23a9e3c873aa7db623372d69628324662875525f079a1b05473e5e1ad63b229c2fec5f751bf854c9d3ca493c50d240d840f202a59b45546c85bde9bed66732b98eea0653bb6be0edcbd820741b864fb9aa241d65ad6d2f1545d44fc92dab0a62600b191c41cef1fa57a86bcabdae06a0f6a37254221b2a4b6b5ec7e72919cff005a517652b66d7a03b4a8bac92e5be630215e194e5c8e4e52e279a904f11d471aa176a5a2dbd293d3a96cecec5b6439b33a3a0785a51e0b039027e87d6b388975910970b5041516e6c2702b239807783d41e95ea49ec45d5fa21e41485317285b49f2da4e47d0e3e946981e7a490a48524e411907ad06a3ecab5aad686dcf9d951695ec6a42a8c1aa74145145020a5a4e74b4005252d250034b9424ce86b688f10f120f43453c19cd14ca8ce49604e7fbd57e6458cf6a2623a984a5b28da5048c6d1f3c5582a0b50c7710a66732a2828f02d6390e47f7a07c6f3471bc41871be1998cc04b8eaf79c924014d51b50752b6a4a8a1487414a86ed93c88a7d70b2dd2d176b7a2ea1b57c4341e8ee36e8710e367f1022be6f9076ae0cbc161b4bd86cacf04af913e47ad06c9d7d5b3434f6fb788b6f5c47ecf1ddb820147c4f7852827928a31fa66a89a5acb27b42d7488b3a72c3d2cadf91208ca8803270387403a53197152fbea8f30187716b09750e0c67cfcfd7a55df51daacbd9c5d2c576d39795bf354c95946d873689000381c9592366968a4d2fe964b36895695eda6c70e33ea9115109d7d2e2c7880092920e3cc8dfe7517da8bc87fb5a2941c962dc84afc8924fec6af7a299b9448370d75ad5d4b135f6004a0a764468c9de138e449df8e3c2b1e3717aff7cba6a07d252a9ef92da4fe16c6e48fa01496cce5a3b0a28df453303eec692ad7701b4fcd221c9611ff00929a5814db44eb5b868a8625c36d2fb27c12632ce02b07883c88cf1ae53243f6e9106f11465fb7484be07500ef14eb575a9ab54d17c808ef74cdeff8ecba9194b2b56f536ac70c1cff00d141bc7312e973ff00108c2adcb16bb2be99cb4e12a90b49420f5c0de7d37563b158b96acd4cd305d2fdc6e32305c70f152b893e43f615ddad3aece9ac3105e694990ea5b4a96ac04951c6f3d2af1a87b3a97d9b5cad1798d7843ca4b9b4096f64a5c48c9dd9de9233ff004d18468a514b077d57d944bd1da2e5dc137144d4b782f2035b1b20e0646f39df5b668c6570b41d95a7c10b6e0b7b40f2f0d6716dd4778ed764b768101112c11dc4b972928513df949c86939e009c678eefd6ebda4ea66b4a68996ea14132a420c588d8e256a18c8f419352ccd9e7fb6292e2a7ba8fbb5cc7548f4da34fc70a6b6d8bf076e6593f324655ea78d3aab3193b61452d1484252d2514c0334536953a3c34e5d7003d3ad358cabfdf5d4b762b4ca7f6bf1a19247d7850528364d694d2ebd71ac9eb53d35d8b062b3debbdd1c2d43200033e678d15a8767fd9639a66ea2fb75b9aa55ccb65beeda1b2da011bc1e6afd05159b66bac23227a14ed39787b4f5e13b3298decbbf85e6f9281ff00bd39575710875b5b6e24290a18503ceb79d77a1616b5b4865d50627b1e28b2c0f136ae87aa4f31ef580bc89f66bab965be3063dc1adc0fe1793c9493cea93b2251f288196dcb893e130fc85bb19a49445da39d84939291ef5644c055d62a9b1196f34b4f8b6524e3cea2b5030a5c24c840f1c75ed7b73ab8e8ed6a6dd6e5466561b4ac051f0839f3153c9271568d6097234dba22a34afb323b7075769c37db532365894de53263a7927686f291d09f4ab9692b9766ed4d0bd31a5ee336ea84eda506395ad1e7b4b56ca7d6a2a75f63ad0a0d24a9479e3155667575e3465f4dd6d6965487d9ee9c43a8ca0efcefc6083e753c7294bfd2a35e58f1a97584ac71da476857bd457136b9f01eb65be3b9e382a385ac8de0acf03e406ef5a88817a8924a184a0b0b0365083f29f206a3b516a893a9a7489d3520ca7f1b440c25200c000542b2db8ebe86da054e2943640ad9222504e392ff009a5a4190064e4e003eb4b41c8210149292010771079d3ad33a9d7a354f5bae313ed2d2d315fc68ca4ed9609e2a00f2f2fd8d35e741008c11907760d22a32a2fccf653a2b54b1f69696bdc88ccb9bca23381c4a4f4d957893e86a58762d0e6c865cbfea2bbddd0c8d96db79cd90074cef38fa563a2d886247c44191220bff009e338539fa53d54cd46e23bb7355dd94df0203c46efad2a669dd7b37ab95f34af675634b2b5c7831da1fc28ace0ad67c93c49f335885eee379d737c17cb84571986d0220c4e2109fcc7ccf5fed53da36d3a7e04a3709b10dd65a86e725af6d493d403baacd35f8f2652dd6d843285704278573727c850d6cf4383e13e4dbc7b3325214856169293cf34558f502e2ec613b25ce58aae56fc73738db3cff0091c5f8a6e09d894b4945598870a80b95f09db6e1ef4a772dce5527365840ee907c67713d28d23a61cd61aaa3da19414c26c87a6b89e09403c3d4f0a2cbe34af2691d97f65f6d976789a8b5030a972a40ef198ef7ddb68cf8494f3246fdfbab6469a6d96d2db484b6848c04a0600f6a565a6e3b4865a404368484a12380037015d2a1bb346ec00a28a290831559d63a2ad7aced7f093d1b0f2325894dfcec9ea0f31d4559a8a00f2c5ead374d1f72fb2b5037b4caf298f340fe1bc9f33c8f51c7f7aae292bb2ced8cff00a759da69ce43c8d7adef763b7ea1b53d6db9c64bf15d1bd2771078820f223ad79e759e82b8e8a0b0ea1cb969d5abc0f81e38fd02ba7af0f4e15698d24c8d624a1f4f8772b98ae8b425c414ad21493b882371aac7f16de94ba870c8867eedf4714f91e952d16e895a0151db4fe74ff5a664e2d6455d82deb56432a4f9254714ea3418d0b3dc32124ee2ae27eb5c2e12506d3256d39bc23760e08ae512eb09b84c21d968ef03602b39ce7ce8b1fd9c494e54669a22e9056b4a1329b2a51c246789a7791d2821a6b629a4e9451ca800a3de8e745007da1c5b472dad493e46ba99f2d49c17d78f5ae19a4dd4baa6529c961314a8a8e54493d4d252f01bf95347a732d6424edaba0e1f5a64ec74480324803a9a8f913f6bc0c938fcff00da99cb9c549da7dc09474a9dd27a06ff00ad5697186d56fb513e298f277a87f20e7fb522e30b20e041b85f6eaddaaccc2a44c74e091f2b639a94790f3af4a684d130f4558c436941e96e90b95231bdc5f41e4390fef4ef4a68eb468fb77c25ae3e14ac77afaf7b8e9eaa3fd38558703a54b669a54828a28a420a28a2800df451450015c9d650fb4b6dd4256dac6ca90a190a1d08aeb4500635abfb1b2975db968f5a23baac976dcefdd39d7649e1e8777a563936dcb87705c67d872d17141f1c77c10857a13cabd906a1afda5ecda9a1fc35e20332503e55286148f34a86f154a5eca52f67929d75d8e0b53a39403bb6c0ca555de33b14a708663389e852335ab5f3b14b9c0db734c5cd3223f11067efc0e815c3eb8accaf9a72e56f94c42b869f7a04e90f25a69c1f76b24e3711b8fb556c3aa7a3a32b82dac2be0508571ca46714f133e3ab795e3d454b6b5ec9af7a598370b4bef5c2dc8482e8032eb271bc94f34f98ff009acf9a96fada52be21bdb0772169f98791e1ed46f44fe36fc96e12983c1e49afaf8867ff00951f5aa7aae125b252e210143911be9c417ae17398dc4830cc892e1c21a69054a57b0fde8a62fc322ce65303797535cd53a38e0b27d054b37d93ebd71209b7426f3f9e4a777d29db5d8ceb87be776d4cfaba558fa26958bf195855c93f81b27d4d715dc1f3c02523ae2b408dd845eddc19ba8e2b5d430c151fa922a8faa744ccd237a7a3dd199b26df9cc79ad23c0b4ff3743d4503505e48991706c7dec8da3c8039fda9bb32fe2a635192eb3152e2b05f9248423cce01a908b26c11c6d365b49eae2493fad48b52205c13b285b2f7f29033f434d06178351d01d976962db77593728fa8648c1050a0596cf92789f7fa56b48425094a509094818000c002bca71e23f6b9626d8e5bd6e989e0a6944255e4474a76bbaeab9ce19737545c5b90a392961d29427d00c0a4d58fb27e4f50baeb6ca0add710da07152ce00f7348d3ed486fbc65d6dc41fc485050fa8af21deae321e7d2cddaeb71b9ba9194b6ebc76539ebbeb65ec3e026db6db8872e90dd764b89713063c80ef7000c64e0ee273fa0cd271a4575c59ae5145152486fa28a2800a28a2800a28a2800a28a28012b33d6c3ed3ed5f45da0e54d32a7272d3cb291e13fa514535b1a34ce5bebcdbae205934ef69f7345cad7dfc29ac26430db28f914adcac018e6154515a70ba9a33e48f68490cadead212ed5311060f72a414a4bf313b4415138dfbfa1ab8765d1acb0358dc26475901111280e950d856d119c240c83bbafef45155cfcd27f5f074fc6ff009fc5084a76dbfdbb36dda18cd7054c6532d118ed77aa4950c27763d68a2b0338c53b3b2dc4a10a5a8e120649e82a2a45ca04a8eb4f7c8294b8104119049f2e637f1a28a574c6b8d4e12b33855822c1eda182eda987edf7584a0e254c0521b753cf8601381f5a9dd55d9ce89b835b72207c0c957c8f421ddab3d703c27de8a2ae4dec9e056a299955db485ef4d6a7459c39f68c271b0e225a93b1b08dff0031dfc31e7ca9e1b2c673c2c5cd95388014bda184818c9d92324e28a2a65368da1c319ab641bba79c9f31f691f673f29b41521b5ed236d23760ace1209abbf667d9c5faddab99bedca1b36c8f1da5250d34e85178a8637e0918dffb514555b683960a1491b8d14515260145145007ffd9, ' image/jpeg', 2, 0, 'b492da5b46b54725e2e8616d43d713f2', '这人很懒，什么也没留下：（');
INSERT INTO `users` (`id`, `username`, `password`, `email`, `photo`, `phototype`, `type`, `status`, `link`, `psignature`) VALUES
(7, '王霄', '2e6071719d03a7951b8131429110a765', '1597591927@qq.com', 0xffd8ffe000104a46494600010101006000600000ffdb004300080606070605080707070909080a0c140d0c0b0b0c1912130f141d1a1f1e1d1a1c1c20242e2720222c231c1c2837292c30313434341f27393d38323c2e333432ffdb0043010909090c0b0c180d0d1832211c213232323232323232323232323232323232323232323232323232323232323232323232323232323232323232323232323232ffc000110800c800c803012200021101031101ffc4001c0000010501010100000000000000000000000104050607030802ffc4003f10000103030105060306040601050000000102030400051106122131415107132261718114329115334252a1b12362c1d108162443e1f07225445382b2ffc400190100030101010000000000000000000000000102030405ffc4002411000202020202020301010000000000000001021121310312415104221361713205ffda000c03010002110311003f00dfa8a28a00334557757eafb6e8cb3aee1715e547c2c308f9de5fe548fdcf2ac0ae5aab586a49ab9d22f122d8d2feea24570a5284f9e389f33bfd29a561fd3d36ebcdb29da75c4369ce32a200cfbd7de475af224f9b7abcc455b97a95fb8b4da839f0ef3c4f8870209a90d37a8758d8e385dbeef21bd8510624bfe236af40787b53ea3a5ecf5666985def16fb0db9db85ce4a23446f1b6e2f80c9c0acc34f76dd1cba889aaadeab6bca38129acad95799e69fd45695deda750db5680e449f05e478c0525c42927ad2aa0a0b3ea2b3dfd92e5aae71662471ee9c048f51c453f5bedb6e21b53884adcc8424a802ac0c9c0e75e64d53a76d1a4fb40889b26a1f868d254425c8af0539097c82b077a727d78f4a9e77486b09d7e3779fa9d3f1f192910a4b60e376e394630323393ce9f5074bc9b35b357582f3717edf6fbbc57e5b0a2971942fc591c71d71e552d22433163b921f750d34da7696e2d584a47526b0b63b3486dd99a6ccb5b57a6d6a793726329505939c63f2feb486d5acf55ba8b7eb0b862d10c8f0c72126611c092397affcd1d4571f64c6a6ed666dc112d8d18ca551a224aa55da423f848039201e27a7edcea93a43b59bbdae5c899769372bd3cfe1a6618504b6093b8938f9b9000568b36c16f97a7ddb225a11e0b8808d863c3b3839c8f3dd599eb8d3ff00033ec765d3cd3c5d4b6a7034d24ed9567ef14bebbbdb14d50e138bc1e857353daa14469dbacf8b6f794da56e477df485b648c94919e55290e647b8446a5c47db7e3ba9da6dc6ce52a1d41af2c69cb5e9eb65c94e768106f48595f8496cf747cd6a1e23ed5e96d3770b24fb3b1fe5f7e33901b484b698e46ca074c711e86935436a899a4a693ae30ed91952274a663309192e3cb0903eb540bb76dda520171b84b93737920ec88cd9d82ae4368fefbea5262a349da18e22a9ba87b4fd2ba6d4a6a45c5322527ff6f10778bcf438dc3dcd6357fd61aab5829499b2cdb2dcae10e29c150fe65713ff0077543356c8b1995223a3bb528105ce2a19e79355d7d92dc51a544ff1016f7af45b976b762db4255fc52adb74ab90d91bb7fad3f3dbe69aef08fb3aea51f9c349dfedb558e0b6336d8aa7598a65c807f1f1aeb6e9a25a9d61e8c965e6be64637114e914e4b691e98d33abacfab607c65a6507027738d286cadb3d149e553d5e518ab9f60b9a2f3a7dd31e637bd4d8f91e4f34915e83d0bade0eb6b3892c00ccc6b0995149f134afea0f2352d50ad3ca2d745145200a8fbcdda1d8ecf2ae73dc0dc68cd95ad5fb01d493b853d71c436852d6a094a41512a38000e64d79dfb49d6875c5d9366b5b84d8e1b9b4f3c9e121c1d3f9472f3dfd29a561fd206e5779bacefee6a0ba6437f2c28df85a472ddd7a9a6d7695f0b6f7543e7524814f12909484a40000c00390a81beb9b4dbc33b920247d6ad3213ed243db440618851de0da7bf523257cf7d49546d8de5aa22a33c8297a3ab6541437e395497138a629a7db232ba4b662433deb61d2bf0a1a3bf68d49d8bb3a97dda275cee0ab646921204686b3de39b5c1277e3db7d575a7d87aeb22e3315fe9a2a83681c7273c8733c6b4cd31763ab6f02e418719870d052c34b39c1e0147cf8d2b2db715825edba374f5a50131ad51ca86fef1e4f78b27ae4d4ef9522569713b485050ea29691936dec28a28a00293033b5819c6338de2968a4211c421e6cb4ea52b6cf142c6d03ed544d4566568e6ded55a5e49b6486305f8e37b2f02718d9e1cf855f33beb32ed12f62eb39ad330d796db58766ad27811c11edcfce9a2e176576409ba85e45c2fd3df9ef38368216ac2119e400dc29cb4cb6ca765a6d080392535f4000004f0030074a5a6129362514514121c6a0253862ea40e37f8dbf10eb53e484a4951c252324f415555a6439358b93a8298f2d6b4b24f309dc682f8d5d96942c2d095a781de2b943ba4dd237e67515af8a0ecca63f0bc83c41fefd6b8db964b2a6ff29dd4ed680b4a90a19491823ad024e99e93b1de615fecd16e701ddb8f210149ea3aa4f9839068ac03406b277405e5506e0a5af4fcc5e4af8fc3acfe21e5d7fe28a87135af44f76c5ab6e132fa347417551e286d2e4c7127c4e6d0c84fa6388e66a971e3b51584b2ca425091818fdcd4d769ea446ed6a738b4fcf119de3ff1c67f4a813358033de0f41c6a9611137e0ecb586d254af940c9aadcc4992ec76b897e42538eb934fa5cb2feef95b4efff0093535a034f3b7cbd37797db29b6c25e5ac8fbd7470c790e7ed40a2bc8ef5ddbd9b3eb483258fe1b7398297bf29523767e98aabbd2e45d5c5b10945b8c8dce3ff009bc855a7b48b8b37dbc46b1454254a86a2e4891f909dc503faf9fa546b0cb71d8432d242509dc07f7aa29b4926f652021d7221de7ba4381291d547fe2b57d3ce08b6366d101d48952dfee96507c4d2120649e99df542bf36dc28b1531d01090f15e07e6c55b7b29861735d9abf138a4a95b47d703fad2639bed1b35569a432ca19686108484a4740296ab771bfbb26e8dda2d2a01c5ab65c91c767aecfa75ab0b4d371638424e1084ef528fd49348c0e9453281736ae6e3c6282b8ed1d9efb9295cc0f21d6abda9b5c44b3b6b6a32d0e3c37159de949e807e2340d67458e55c588b2588bbd725f5610d278e39a8f4029a6a3d430f4ddad7324a8297821a6b3bdc572f6f3acbad1da0986dcb92611937790e6cb4b52b6b08f31eb4c1d627dee71b85f5d2eacfc8ce77247f4f4a28be95fe8986fb4cba4bb2261428f8bb3aa597240f95b493b881d71cea3e0424c26482b2e3ce1da75d3c56aaecc47662a3bb61a4b69f21c6ba550a525a8852d25141214518a5dd4808dbdad62025a41214fb896811e66acdda3d998b4698b0a62a365b84f7739f250c927d48a89b4c2fb675c5ae09decc6ff0054f7ff005de07ed5a56b0b1ab51e9b9501b500f9c3ac93c36d3bc03ebbe86689d5190c17037276547017bbdea54efaadb4b70296c3eda9992cab61d42860a542a6234d4ad210e1016399e0692264a872f34dbed29a753b4850c14d15f7e9453126d68bd76e7a61694c5d5b141258098d2d239a09f0abd89c7b8ac90a9011b65402319c9e95eb8bb5ae35ead32adb2d1b51e4b4a6963c88e35e6bb0767372b96bd734c4c439f016e78aa54908212b681ca403d54318f7e952b28daac87d37637f58dccc5657dcc0670a92f67c58e400ea6b54d47748da2f48e213496d49488f0da1f9cf03edc49eb5cee7059d2ddb12198ec223c0bc414a1a4369d94a5c46ec0c7a7eb54dd617217ed6823217b70ed49d9ddc14e9e27ebbbdaaaac996ff004455b21aa2c6cbaa2b92e9ef1e59e25477d3de0681e7453336edd91f76b789f1d3e3292d6563038eee15f564d46bb0e9679c601f887db2c37fcaadade7e94f77677d561a88b6efcdc15e4b29714ea075c8a0d20d35d5977ec9d2e3f366ca7d6a5af071b4787006bbebcd689415418cada6d271807ef14399fe51fad55b4e5e1db2d9e63c856ca93de36bf7e950f2d850b4aee127c5224ac019fc29e3ba950faa73b65b4eb2970746c0b6b412ab8490a5abba182124f841f6e35042c264a14e4f7d6a92adfe03b903a0ae96484508f8d9032f38308cfe04f018a96a64ca5d5fd46d12046829c30d00a237acef51f7a7549452336dbcb0cf952f1a4a334c028346ea2900b49e545719ae1660c870714b648a016cb1766114c9b8deaf2a1e02a4c668f50379c7e95a4552b48cfb4699d076b3709cc462fa0be76d5e25151e381bf862ac16cd4f64bcab6205ce3bcb1f836b655f4383499524db2abda0e8f76e1ffaeda5bccf687f1da4ff00bc81cc7f30fd4566f1df44846d278f349e20d7a1fe53d0d65b3f44b9abb5eea166c85a88f408c874a4270979d3c527a677fbd1b2a3f654ca7e48180a3f5a29a2a5169874bc82dbed28a1c6c8c10a1bb18a29531ae36cf671af90057d51523335ed9ed6e3da4d9be44ca67599f4c96d639249015fd0fb5629656949826439f7b2565d51c7535b276eb7331343b76f42b0bb84a4b471f94788fec2b276f6198c80541284a40c938e5571d0a6df548ebef495c44a8c558121a3e8b15d8104641c83cf34cca8293611de070a53b60602b1bc7bd2f2a29815fba5ae4a56e2a182b65f5254e34391cf1f4a99910d894ca197924a1241001e95dcd148a726e851e98a4a5a434c9168ae6ebcd308db79c4b69eaa38a8f5dfe02158429c74ff0022290d45bd12746ea8aff30c6e2a8f2523aec54932ea2432879bcec2c646460d00e2d6cfba5a4a2810534b9b2f4980e30c0495af03c471bb9d3ba05304e88c89658ec00b91fea5e000caf7848e8074a8ebe222a6732cb51cb6adca5bad23c407901565af950da4a80252a23014388a0b53776cb5687d5b05f88e5ad0d5c0a2df1d4f3b266282b2907241c70f2156dec66138f59ae7a8e42487af1314ea09e21b49213edc6b046a2cdfb45361b54d92b7a6ba969c6d04a52b2770ce38f1af5c586d4d58ec506d6c00111584b431cc81bcfb9c9a991ab49657928d7dec9215df5fc5d46975b6e377897664453790f2d3c08f5dd9cff5a2b4ba2a6d8bb30a28dd452118476f32cbda8ec16ee296da71f23cc9007ff9aa54986c4b652dbe8db4839001c6fab0f6c8e977b508edf1eea0a00f751350bceb45a266ea88f363b6918f851ebb46b82accec63de5ba5b8da87fb6b3949f2a97a2993dd9171ef1b2f08f7068c77b913f2abdea5335c64c5665b45a7db0b49e1d47a1afa65a4c7610ca33b0818049c9a01d3d1d296928e14890528212a51f952324f415106e92e7a8a2d91f08e1dfba3007a0a97a40001800003800298d3488b66c8d15f7b35d54a7bf98e123daa4d0d36d2406db4200e494815f5c69690393626f3c6969334502168a292800c52d145001494b49c38d0077d38e2217695a6a584805c93dd2ce38e463fad7a7b15e4371f9d6dbe40b83c7be87165a1fcb69f121208c8fa57a9ec3a86d7a96da89f6996890c2b8ecfcc93d14388353237f0895a28dd454882b9b8ea1a6d4e2d612848254a51c0007124d65ba87b6db74298e42b04072f0fb67654ea15b0c83e4ade55edbab3fd55af3586aeb4aedaec68906238acb898eb3b4b4fe5249e14d458ebd8c75eea181a97b4a7e75add2f454328643b8c0594f123cbce92aa2b8f36defa5e5c2294253b3e0de3d735376fbdb13dcee4a4b4f1e009c857a1aba27922de51264d1ce9bb0ecbb9cff80b25bdeb94b1bd49647853ea780f5a9c5e83ed05a8fdf9b14658e3dd224276ff007a08e8c8ce5494d5b98a4cc5c19b19d85391f330fa7655ed9a77409a6b6252d14628109472a0eea6b2e6a22adb69085bf25d3b2d30d8ca967d28049bd0ee8c795592cbd93eafbe3697ee7359b2b0ade194a7bc771e7c81f7a9c5760f8465bd593c3bd54c829cfa6695a34e9fb33fa4e7527a87436acd20daa53cdb777b6a77adf8c0f78d8eaa4f1fdc5434692ccc612f30bda41fd3c8d325c5a3b5068a5a09128a5a4a6014beb4941a4014dadf70b9e8ebb8bcd85d291fefc627c0ea79823f63c453aa4c7238c5038c9c4f4268fd590358d89ab9c151492765e6547c4caf9a4ff43d28af3fe96d48becff5622700b55a6580dcb693c867e603a8fdb3454d1b53794376186a3329699404a00e039fad74af879d447656eac1d840da3b2326b83173852120a24b7bf928ec91ec6a8c69bc8ef8540dead2d061736300d388f12c277023af91a9576e10d94e5c92d0f4564fd053088f2353ea0b7d8db74c78d32421971e237e09df814cbe3524ed1a259adbae7fcab1c68bb7c6b35a96d25d0ead6854b9648deb513b86790ddbb150b03b4ad6f6196a54c988bab2daca5f8d21b0958c6e20103208f7af444186cdba0c785193b0c30da5a6d3d120605798bb5775bb6f6a9725c3c00a0d2dd4a7815148dacf99a9593456de0d72f16ab1f6bfa29bb9dbb0ddc109263bc461c65c1c5b59e99fee2b1ab7c879d65c66520a25c75965f41e2143755afb19bbaeddae5fb52147e0ee91cbc94720e277e47b669a6be829b676b1734369d96e6b089581f9b1827ea0d0bd1325688aa334b486a8c46f3a5a21445bebdfb23c29eaae42af1a42d4ad22c47966ddf6beb7bab7df31149c261b278296afc23a9e3c873aa7db623372d69628324662875525f079a1b05473e5e1ad63b229c2fec5f751bf854c9d3ca493c50d240d840f202a59b45546c85bde9bed66732b98eea0653bb6be0edcbd820741b864fb9aa241d65ad6d2f1545d44fc92dab0a62600b191c41cef1fa57a86bcabdae06a0f6a37254221b2a4b6b5ec7e72919cff005a517652b66d7a03b4a8bac92e5be630215e194e5c8e4e52e279a904f11d471aa176a5a2dbd293d3a96cecec5b6439b33a3a0785a51e0b039027e87d6b388975910970b5041516e6c2702b239807783d41e95ea49ec45d5fa21e41485317285b49f2da4e47d0e3e946981e7a490a48524e411907ad06a3ecab5aad686dcf9d951695ec6a42a8c1aa74145145020a5a4e74b4005252d250034b9424ce86b688f10f120f43453c19cd14ca8ce49604e7fbd57e6458cf6a2623a984a5b28da5048c6d1f3c5582a0b50c7710a66732a2828f02d6390e47f7a07c6f3471bc41871be1998cc04b8eaf79c924014d51b50752b6a4a8a1487414a86ed93c88a7d70b2dd2d176b7a2ea1b57c4341e8ee36e8710e367f1022be6f9076ae0cbc161b4bd86cacf04af913e47ad06c9d7d5b3434f6fb788b6f5c47ecf1ddb820147c4f7852827928a31fa66a89a5acb27b42d7488b3a72c3d2cadf91208ca8803270387403a53197152fbea8f30187716b09750e0c67cfcfd7a55df51daacbd9c5d2c576d39795bf354c95946d873689000381c9592366968a4d2fe964b36895695eda6c70e33ea9115109d7d2e2c7880092920e3cc8dfe7517da8bc87fb5a2941c962dc84afc8924fec6af7a299b9448370d75ad5d4b135f6004a0a764468c9de138e449df8e3c2b1e3717aff7cba6a07d252a9ef92da4fe16c6e48fa01496cce5a3b0a28df453303eec692ad7701b4fcd221c9611ff00929a5814db44eb5b868a8625c36d2fb27c12632ce02b07883c88cf1ae53243f6e9106f11465fb7484be07500ef14eb575a9ab54d17c808ef74cdeff8ecba9194b2b56f536ac70c1cff00d141bc7312e973ff00108c2adcb16bb2be99cb4e12a90b49420f5c0de7d37563b158b96acd4cd305d2fdc6e32305c70f152b893e43f615ddad3aece9ac3105e694990ea5b4a96ac04951c6f3d2af1a87b3a97d9b5cad1798d7843ca4b9b4096f64a5c48c9dd9de9233ff004d18468a514b077d57d944bd1da2e5dc137144d4b782f2035b1b20e0646f39df5b668c6570b41d95a7c10b6e0b7b40f2f0d6716dd4778ed764b768101112c11dc4b972928513df949c86939e009c678eefd6ebda4ea66b4a68996ea14132a420c588d8e256a18c8f419352ccd9e7fb6292e2a7ba8fbb5cc7548f4da34fc70a6b6d8bf076e6593f324655ea78d3aab3193b61452d1484252d2514c0334536953a3c34e5d7003d3ad358cabfdf5d4b762b4ca7f6bf1a19247d7850528364d694d2ebd71ac9eb53d35d8b062b3debbdd1c2d43200033e678d15a8767fd9639a66ea2fb75b9aa55ccb65beeda1b2da011bc1e6afd05159b66bac23227a14ed39787b4f5e13b3298decbbf85e6f9281ff00bd39575710875b5b6e24290a18503ceb79d77a1616b5b4865d50627b1e28b2c0f136ae87aa4f31ef580bc89f66bab965be3063dc1adc0fe1793c9493cea93b2251f288196dcb893e130fc85bb19a49445da39d84939291ef5644c055d62a9b1196f34b4f8b6524e3cea2b5030a5c24c840f1c75ed7b73ab8e8ed6a6dd6e5466561b4ac051f0839f3153c9271568d6097234dba22a34afb323b7075769c37db532365894de53263a7927686f291d09f4ab9692b9766ed4d0bd31a5ee336ea84eda506395ad1e7b4b56ca7d6a2a75f63ad0a0d24a9479e3155667575e3465f4dd6d6965487d9ee9c43a8ca0efcefc6083e753c7294bfd2a35e58f1a97584ac71da476857bd457136b9f01eb65be3b9e382a385ac8de0acf03e406ef5a88817a8924a184a0b0b0365083f29f206a3b516a893a9a7489d3520ca7f1b440c25200c000542b2db8ebe86da054e2943640ad9222504e392ff009a5a4190064e4e003eb4b41c8210149292010771079d3ad33a9d7a354f5bae313ed2d2d315fc68ca4ed9609e2a00f2f2fd8d35e741008c11907760d22a32a2fccf653a2b54b1f69696bdc88ccb9bca23381c4a4f4d957893e86a58762d0e6c865cbfea2bbddd0c8d96db79cd90074cef38fa563a2d886247c44191220bff009e338539fa53d54cd46e23bb7355dd94df0203c46efad2a669dd7b37ab95f34af675634b2b5c7831da1fc28ace0ad67c93c49f335885eee379d737c17cb84571986d0220c4e2109fcc7ccf5fed53da36d3a7e04a3709b10dd65a86e725af6d493d403baacd35f8f2652dd6d843285704278573727c850d6cf4383e13e4dbc7b3325214856169293cf34558f502e2ec613b25ce58aae56fc73738db3cff0091c5f8a6e09d894b4945598870a80b95f09db6e1ef4a772dce5527365840ee907c67713d28d23a61cd61aaa3da19414c26c87a6b89e09403c3d4f0a2cbe34af2691d97f65f6d976789a8b5030a972a40ef198ef7ddb68cf8494f3246fdfbab6469a6d96d2db484b6848c04a0600f6a565a6e3b4865a404368484a12380037015d2a1bb346ec00a28a290831559d63a2ad7aced7f093d1b0f2325894dfcec9ea0f31d4559a8a00f2c5ead374d1f72fb2b5037b4caf298f340fe1bc9f33c8f51c7f7aae292bb2ced8cff00a759da69ce43c8d7adef763b7ea1b53d6db9c64bf15d1bd2771078820f223ad79e759e82b8e8a0b0ea1cb969d5abc0f81e38fd02ba7af0f4e15698d24c8d624a1f4f8772b98ae8b425c414ad21493b882371aac7f16de94ba870c8867eedf4714f91e952d16e895a0151db4fe74ff5a664e2d6455d82deb56432a4f9254714ea3418d0b3dc32124ee2ae27eb5c2e12506d3256d39bc23760e08ae512eb09b84c21d968ef03602b39ce7ce8b1fd9c494e54669a22e9056b4a1329b2a51c246789a7791d2821a6b629a4e9451ca800a3de8e745007da1c5b472dad493e46ba99f2d49c17d78f5ae19a4dd4baa6529c961314a8a8e54493d4d252f01bf95347a732d6424edaba0e1f5a64ec74480324803a9a8f913f6bc0c938fcff00da99cb9c549da7dc09474a9dd27a06ff00ad5697186d56fb513e298f277a87f20e7fb522e30b20e041b85f6eaddaaccc2a44c74e091f2b639a94790f3af4a684d130f4558c436941e96e90b95231bdc5f41e4390fef4ef4a68eb468fb77c25ae3e14ac77afaf7b8e9eaa3fd38558703a54b669a54828a28a420a28a2800df451450015c9d650fb4b6dd4256dac6ca90a190a1d08aeb4500635abfb1b2975db968f5a23baac976dcefdd39d7649e1e8777a563936dcb87705c67d872d17141f1c77c10857a13cabd906a1afda5ecda9a1fc35e20332503e55286148f34a86f154a5eca52f67929d75d8e0b53a39403bb6c0ca555de33b14a708663389e852335ab5f3b14b9c0db734c5cd3223f11067efc0e815c3eb8accaf9a72e56f94c42b869f7a04e90f25a69c1f76b24e3711b8fb556c3aa7a3a32b82dac2be0508571ca46714f133e3ab795e3d454b6b5ec9af7a598370b4bef5c2dc8482e8032eb271bc94f34f98ff009acf9a96fada52be21bdb0772169f98791e1ed46f44fe36fc96e12983c1e49afaf8867ff00951f5aa7aae125b252e210143911be9c417ae17398dc4830cc892e1c21a69054a57b0fde8a62fc322ce65303797535cd53a38e0b27d054b37d93ebd71209b7426f3f9e4a777d29db5d8ceb87be776d4cfaba558fa26958bf195855c93f81b27d4d715dc1f3c02523ae2b408dd845eddc19ba8e2b5d430c151fa922a8faa744ccd237a7a3dd199b26df9cc79ad23c0b4ff3743d4503505e48991706c7dec8da3c8039fda9bb32fe2a635192eb3152e2b05f9248423cce01a908b26c11c6d365b49eae2493fad48b52205c13b285b2f7f29033f434d06178351d01d976962db77593728fa8648c1050a0596cf92789f7fa56b48425094a509094818000c002bca71e23f6b9626d8e5bd6e989e0a6944255e4474a76bbaeab9ce19737545c5b90a392961d29427d00c0a4d58fb27e4f50baeb6ca0add710da07152ce00f7348d3ed486fbc65d6dc41fc485050fa8af21deae321e7d2cddaeb71b9ba9194b6ebc76539ebbeb65ec3e026db6db8872e90dd764b89713063c80ef7000c64e0ee273fa0cd271a4575c59ae5145152486fa28a2800a28a2800a28a2800a28a28012b33d6c3ed3ed5f45da0e54d32a7272d3cb291e13fa514535b1a34ce5bebcdbae205934ef69f7345cad7dfc29ac26430db28f914adcac018e6154515a70ba9a33e48f68490cadead212ed5311060f72a414a4bf313b4415138dfbfa1ab8765d1acb0358dc26475901111280e950d856d119c240c83bbafef45155cfcd27f5f074fc6ff009fc5084a76dbfdbb36dda18cd7054c6532d118ed77aa4950c27763d68a2b0338c53b3b2dc4a10a5a8e120649e82a2a45ca04a8eb4f7c8294b8104119049f2e637f1a28a574c6b8d4e12b33855822c1eda182eda987edf7584a0e254c0521b753cf8601381f5a9dd55d9ce89b835b72207c0c957c8f421ddab3d703c27de8a2ae4dec9e056a299955db485ef4d6a7459c39f68c271b0e225a93b1b08dff0031dfc31e7ca9e1b2c673c2c5cd95388014bda184818c9d92324e28a2a65368da1c319ab641bba79c9f31f691f673f29b41521b5ed236d23760ace1209abbf667d9c5faddab99bedca1b36c8f1da5250d34e85178a8637e0918dffb514555b683960a1491b8d14515260145145007ffd9, ' image/jpeg', 2, 1, '812d6b0ac3e1e5ca3cb4e4cb31f4c73d', '流星——一逝光阴'),
(14, '的的', 'df9e13df3f4661cd9c1828247b9f928b', '18072307168@163.com', NULL, NULL, 2, 1, 'eab803731439a11844c9e834e1fa65f5', NULL),
(15, '搜索', '2eae1de4b6343c21156101028a5269d1', '18072307168@163.com', 0xffd8ffe000104a46494600010101006000600000ffdb004300080606070605080707070909080a0c140d0c0b0b0c1912130f141d1a1f1e1d1a1c1c20242e2720222c231c1c2837292c30313434341f27393d38323c2e333432ffdb0043010909090c0b0c180d0d1832211c213232323232323232323232323232323232323232323232323232323232323232323232323232323232323232323232323232ffc000110800c800c803012200021101031101ffc4001c0000010501010100000000000000000000000104050607030802ffc4003f10000103030105060306040601050000000102030400051106122131415107132261718114329115334252a1b12362c1d108162443e1f07225445382b2ffc400190100030101010000000000000000000000000102030405ffc4002411000202020202020301010000000000000001021121310312415104221361713205ffda000c03010002110311003f00dfa8a28a00334557757eafb6e8cb3aee1715e547c2c308f9de5fe548fdcf2ac0ae5aab586a49ab9d22f122d8d2feea24570a5284f9e389f33bfd29a561fd3d36ebcdb29da75c4369ce32a200cfbd7de475af224f9b7abcc455b97a95fb8b4da839f0ef3c4f8870209a90d37a8758d8e385dbeef21bd8510624bfe236af40787b53ea3a5ecf5666985def16fb0db9db85ce4a23446f1b6e2f80c9c0acc34f76dd1cba889aaadeab6bca38129acad95799e69fd45695deda750db5680e449f05e478c0525c42927ad2aa0a0b3ea2b3dfd92e5aae71662471ee9c048f51c453f5bedb6e21b53884adcc8424a802ac0c9c0e75e64d53a76d1a4fb40889b26a1f868d254425c8af0539097c82b077a727d78f4a9e77486b09d7e3779fa9d3f1f192910a4b60e376e394630323393ce9f5074bc9b35b357582f3717edf6fbbc57e5b0a2971942fc591c71d71e552d22433163b921f750d34da7696e2d584a47526b0b63b3486dd99a6ccb5b57a6d6a793726329505939c63f2feb486d5acf55ba8b7eb0b862d10c8f0c72126611c092397affcd1d4571f64c6a6ed666dc112d8d18ca551a224aa55da423f848039201e27a7edcea93a43b59bbdae5c899769372bd3cfe1a6618504b6093b8938f9b9000568b36c16f97a7ddb225a11e0b8808d863c3b3839c8f3dd599eb8d3ff00033ec765d3cd3c5d4b6a7034d24ed9567ef14bebbbdb14d50e138bc1e857353daa14469dbacf8b6f794da56e477df485b648c94919e55290e647b8446a5c47db7e3ba9da6dc6ce52a1d41af2c69cb5e9eb65c94e768106f48595f8496cf747cd6a1e23ed5e96d3770b24fb3b1fe5f7e33901b484b698e46ca074c711e86935436a899a4a693ae30ed91952274a663309192e3cb0903eb540bb76dda520171b84b93737920ec88cd9d82ae4368fefbea5262a349da18e22a9ba87b4fd2ba6d4a6a45c5322527ff6f10778bcf438dc3dcd6357fd61aab5829499b2cdb2dcae10e29c150fe65713ff0077543356c8b1995223a3bb528105ce2a19e79355d7d92dc51a544ff1016f7af45b976b762db4255fc52adb74ab90d91bb7fad3f3dbe69aef08fb3aea51f9c349dfedb558e0b6336d8aa7598a65c807f1f1aeb6e9a25a9d61e8c965e6be64637114e914e4b691e98d33abacfab607c65a6507027738d286cadb3d149e553d5e518ab9f60b9a2f3a7dd31e637bd4d8f91e4f34915e83d0bade0eb6b3892c00ccc6b0995149f134afea0f2352d50ad3ca2d745145200a8fbcdda1d8ecf2ae73dc0dc68cd95ad5fb01d493b853d71c436852d6a094a41512a38000e64d79dfb49d6875c5d9366b5b84d8e1b9b4f3c9e121c1d3f9472f3dfd29a561fd206e5779bacefee6a0ba6437f2c28df85a472ddd7a9a6d7695f0b6f7543e7524814f12909484a40000c00390a81beb9b4dbc33b920247d6ad3213ed243db440618851de0da7bf523257cf7d49546d8de5aa22a33c8297a3ab6541437e395497138a629a7db232ba4b662433deb61d2bf0a1a3bf68d49d8bb3a97dda275cee0ab646921204686b3de39b5c1277e3db7d575a7d87aeb22e3315fe9a2a83681c7273c8733c6b4cd31763ab6f02e418719870d052c34b39c1e0147cf8d2b2db715825edba374f5a50131ad51ca86fef1e4f78b27ae4d4ef9522569713b485050ea29691936dec28a28a00293033b5819c6338de2968a4211c421e6cb4ea52b6cf142c6d03ed544d4566568e6ded55a5e49b6486305f8e37b2f02718d9e1cf855f33beb32ed12f62eb39ad330d796db58766ad27811c11edcfce9a2e176576409ba85e45c2fd3df9ef38368216ac2119e400dc29cb4cb6ca765a6d080392535f4000004f0030074a5a6129362514514121c6a0253862ea40e37f8dbf10eb53e484a4951c252324f415555a6439358b93a8298f2d6b4b24f309dc682f8d5d96942c2d095a781de2b943ba4dd237e67515af8a0ecca63f0bc83c41fefd6b8db964b2a6ff29dd4ed680b4a90a19491823ad024e99e93b1de615fecd16e701ddb8f210149ea3aa4f9839068ac03406b277405e5506e0a5af4fcc5e4af8fc3acfe21e5d7fe28a87135af44f76c5ab6e132fa347417551e286d2e4c7127c4e6d0c84fa6388e66a971e3b51584b2ca425091818fdcd4d769ea446ed6a738b4fcf119de3ff1c67f4a813358033de0f41c6a9611137e0ecb586d254af940c9aadcc4992ec76b897e42538eb934fa5cb2feef95b4efff0093535a034f3b7cbd37797db29b6c25e5ac8fbd7470c790e7ed40a2bc8ef5ddbd9b3eb483258fe1b7398297bf29523767e98aabbd2e45d5c5b10945b8c8dce3ff009bc855a7b48b8b37dbc46b1454254a86a2e4891f909dc503faf9fa546b0cb71d8432d242509dc07f7aa29b4926f652021d7221de7ba4381291d547fe2b57d3ce08b6366d101d48952dfee96507c4d2120649e99df542bf36dc28b1531d01090f15e07e6c55b7b29861735d9abf138a4a95b47d703fad2639bed1b35569a432ca19686108484a4740296ab771bfbb26e8dda2d2a01c5ab65c91c767aecfa75ab0b4d371638424e1084ef528fd49348c0e9453281736ae6e3c6282b8ed1d9efb9295cc0f21d6abda9b5c44b3b6b6a32d0e3c37159de949e807e2340d67458e55c588b2588bbd725f5610d278e39a8f4029a6a3d430f4ddad7324a8297821a6b3bdc572f6f3acbad1da0986dcb92611937790e6cb4b52b6b08f31eb4c1d627dee71b85f5d2eacfc8ce77247f4f4a28be95fe8986fb4cba4bb2261428f8bb3aa597240f95b493b881d71cea3e0424c26482b2e3ce1da75d3c56aaecc47662a3bb61a4b69f21c6ba550a525a8852d25141214518a5dd4808dbdad62025a41214fb896811e66acdda3d998b4698b0a62a365b84f7739f250c927d48a89b4c2fb675c5ae09decc6ff0054f7ff005de07ed5a56b0b1ab51e9b9501b500f9c3ac93c36d3bc03ebbe86689d5190c17037276547017bbdea54efaadb4b70296c3eda9992cab61d42860a542a6234d4ad210e1016399e0692264a872f34dbed29a753b4850c14d15f7e9453126d68bd76e7a61694c5d5b141258098d2d239a09f0abd89c7b8ac90a9011b65402319c9e95eb8bb5ae35ead32adb2d1b51e4b4a6963c88e35e6bb0767372b96bd734c4c439f016e78aa54908212b681ca403d54318f7e952b28daac87d37637f58dccc5657dcc0670a92f67c58e400ea6b54d47748da2f48e213496d49488f0da1f9cf03edc49eb5cee7059d2ddb12198ec223c0bc414a1a4369d94a5c46ec0c7a7eb54dd617217ed6823217b70ed49d9ddc14e9e27ebbbdaaaac996ff004455b21aa2c6cbaa2b92e9ef1e59e25477d3de0681e7453336edd91f76b789f1d3e3292d6563038eee15f564d46bb0e9679c601f887db2c37fcaadade7e94f77677d561a88b6efcdc15e4b29714ea075c8a0d20d35d5977ec9d2e3f366ca7d6a5af071b4787006bbebcd689415418cada6d271807ef14399fe51fad55b4e5e1db2d9e63c856ca93de36bf7e950f2d850b4aee127c5224ac019fc29e3ba950faa73b65b4eb2970746c0b6b412ab8490a5abba182124f841f6e35042c264a14e4f7d6a92adfe03b903a0ae96484508f8d9032f38308cfe04f018a96a64ca5d5fd46d12046829c30d00a237acef51f7a7549452336dbcb0cf952f1a4a334c028346ea2900b49e545719ae1660c870714b648a016cb1766114c9b8deaf2a1e02a4c668f50379c7e95a4552b48cfb4699d076b3709cc462fa0be76d5e25151e381bf862ac16cd4f64bcab6205ce3bcb1f836b655f4383499524db2abda0e8f76e1ffaeda5bccf687f1da4ff00bc81cc7f30fd4566f1df44846d278f349e20d7a1fe53d0d65b3f44b9abb5eea166c85a88f408c874a4270979d3c527a677fbd1b2a3f654ca7e48180a3f5a29a2a5169874bc82dbed28a1c6c8c10a1bb18a29531ae36cf671af90057d51523335ed9ed6e3da4d9be44ca67599f4c96d639249015fd0fb5629656949826439f7b2565d51c7535b276eb7331343b76f42b0bb84a4b471f94788fec2b276f6198c80541284a40c938e5571d0a6df548ebef495c44a8c558121a3e8b15d8104641c83cf34cca8293611de070a53b60602b1bc7bd2f2a29815fba5ae4a56e2a182b65f5254e34391cf1f4a99910d894ca197924a1241001e95dcd148a726e851e98a4a5a434c9168ae6ebcd308db79c4b69eaa38a8f5dfe02158429c74ff0022290d45bd12746ea8aff30c6e2a8f2523aec54932ea2432879bcec2c646460d00e2d6cfba5a4a2810534b9b2f4980e30c0495af03c471bb9d3ba05304e88c89658ec00b91fea5e000caf7848e8074a8ebe222a6732cb51cb6adca5bad23c407901565af950da4a80252a23014388a0b53776cb5687d5b05f88e5ad0d5c0a2df1d4f3b266282b2907241c70f2156dec66138f59ae7a8e42487af1314ea09e21b49213edc6b046a2cdfb45361b54d92b7a6ba969c6d04a52b2770ce38f1af5c586d4d58ec506d6c00111584b431cc81bcfb9c9a991ab49657928d7dec9215df5fc5d46975b6e377897664453790f2d3c08f5dd9cff5a2b4ba2a6d8bb30a28dd452118476f32cbda8ec16ee296da71f23cc9007ff9aa54986c4b652dbe8db4839001c6fab0f6c8e977b508edf1eea0a00f751350bceb45a266ea88f363b6918f851ebb46b82accec63de5ba5b8da87fb6b3949f2a97a2993dd9171ef1b2f08f7068c77b913f2abdea5335c64c5665b45a7db0b49e1d47a1afa65a4c7610ca33b0818049c9a01d3d1d296928e14890528212a51f952324f415106e92e7a8a2d91f08e1dfba3007a0a97a40001800003800298d3488b66c8d15f7b35d54a7bf98e123daa4d0d36d2406db4200e494815f5c69690393626f3c6969334502168a292800c52d145001494b49c38d0077d38e2217695a6a584805c93dd2ce38e463fad7a7b15e4371f9d6dbe40b83c7be87165a1fcb69f121208c8fa57a9ec3a86d7a96da89f6996890c2b8ecfcc93d14388353237f0895a28dd454882b9b8ea1a6d4e2d612848254a51c0007124d65ba87b6db74298e42b04072f0fb67654ea15b0c83e4ade55edbab3fd55af3586aeb4aedaec68906238acb898eb3b4b4fe5249e14d458ebd8c75eea181a97b4a7e75add2f454328643b8c0594f123cbce92aa2b8f36defa5e5c2294253b3e0de3d735376fbdb13dcee4a4b4f1e009c857a1aba27922de51264d1ce9bb0ecbb9cff80b25bdeb94b1bd49647853ea780f5a9c5e83ed05a8fdf9b14658e3dd224276ff007a08e8c8ce5494d5b98a4cc5c19b19d85391f330fa7655ed9a77409a6b6252d14628109472a0eea6b2e6a22adb69085bf25d3b2d30d8ca967d28049bd0ee8c795592cbd93eafbe3697ee7359b2b0ade194a7bc771e7c81f7a9c5760f8465bd593c3bd54c829cfa6695a34e9fb33fa4e7527a87436acd20daa53cdb777b6a77adf8c0f78d8eaa4f1fdc5434692ccc612f30bda41fd3c8d325c5a3b5068a5a09128a5a4a6014beb4941a4014dadf70b9e8ebb8bcd85d291fefc627c0ea79823f63c453aa4c7238c5038c9c4f4268fd590358d89ab9c151492765e6547c4caf9a4ff43d28af3fe96d48becff5622700b55a6580dcb693c867e603a8fdb3454d1b53794376186a3329699404a00e039fad74af879d447656eac1d840da3b2326b83173852120a24b7bf928ec91ec6a8c69bc8ef8540dead2d061736300d388f12c277023af91a9576e10d94e5c92d0f4564fd053088f2353ea0b7d8db74c78d32421971e237e09df814cbe3524ed1a259adbae7fcab1c68bb7c6b35a96d25d0ead6854b9648deb513b86790ddbb150b03b4ad6f6196a54c988bab2daca5f8d21b0958c6e20103208f7af444186cdba0c785193b0c30da5a6d3d120605798bb5775bb6f6a9725c3c00a0d2dd4a7815148dacf99a9593456de0d72f16ab1f6bfa29bb9dbb0ddc109263bc461c65c1c5b59e99fee2b1ab7c879d65c66520a25c75965f41e2143755afb19bbaeddae5fb52147e0ee91cbc94720e277e47b669a6be829b676b1734369d96e6b089581f9b1827ea0d0bd1325688aa334b486a8c46f3a5a21445bebdfb23c29eaae42af1a42d4ad22c47966ddf6beb7bab7df31149c261b278296afc23a9e3c873aa7db623372d69628324662875525f079a1b05473e5e1ad63b229c2fec5f751bf854c9d3ca493c50d240d840f202a59b45546c85bde9bed66732b98eea0653bb6be0edcbd820741b864fb9aa241d65ad6d2f1545d44fc92dab0a62600b191c41cef1fa57a86bcabdae06a0f6a37254221b2a4b6b5ec7e72919cff005a517652b66d7a03b4a8bac92e5be630215e194e5c8e4e52e279a904f11d471aa176a5a2dbd293d3a96cecec5b6439b33a3a0785a51e0b039027e87d6b388975910970b5041516e6c2702b239807783d41e95ea49ec45d5fa21e41485317285b49f2da4e47d0e3e946981e7a490a48524e411907ad06a3ecab5aad686dcf9d951695ec6a42a8c1aa74145145020a5a4e74b4005252d250034b9424ce86b688f10f120f43453c19cd14ca8ce49604e7fbd57e6458cf6a2623a984a5b28da5048c6d1f3c5582a0b50c7710a66732a2828f02d6390e47f7a07c6f3471bc41871be1998cc04b8eaf79c924014d51b50752b6a4a8a1487414a86ed93c88a7d70b2dd2d176b7a2ea1b57c4341e8ee36e8710e367f1022be6f9076ae0cbc161b4bd86cacf04af913e47ad06c9d7d5b3434f6fb788b6f5c47ecf1ddb820147c4f7852827928a31fa66a89a5acb27b42d7488b3a72c3d2cadf91208ca8803270387403a53197152fbea8f30187716b09750e0c67cfcfd7a55df51daacbd9c5d2c576d39795bf354c95946d873689000381c9592366968a4d2fe964b36895695eda6c70e33ea9115109d7d2e2c7880092920e3cc8dfe7517da8bc87fb5a2941c962dc84afc8924fec6af7a299b9448370d75ad5d4b135f6004a0a764468c9de138e449df8e3c2b1e3717aff7cba6a07d252a9ef92da4fe16c6e48fa01496cce5a3b0a28df453303eec692ad7701b4fcd221c9611ff00929a5814db44eb5b868a8625c36d2fb27c12632ce02b07883c88cf1ae53243f6e9106f11465fb7484be07500ef14eb575a9ab54d17c808ef74cdeff8ecba9194b2b56f536ac70c1cff00d141bc7312e973ff00108c2adcb16bb2be99cb4e12a90b49420f5c0de7d37563b158b96acd4cd305d2fdc6e32305c70f152b893e43f615ddad3aece9ac3105e694990ea5b4a96ac04951c6f3d2af1a87b3a97d9b5cad1798d7843ca4b9b4096f64a5c48c9dd9de9233ff004d18468a514b077d57d944bd1da2e5dc137144d4b782f2035b1b20e0646f39df5b668c6570b41d95a7c10b6e0b7b40f2f0d6716dd4778ed764b768101112c11dc4b972928513df949c86939e009c678eefd6ebda4ea66b4a68996ea14132a420c588d8e256a18c8f419352ccd9e7fb6292e2a7ba8fbb5cc7548f4da34fc70a6b6d8bf076e6593f324655ea78d3aab3193b61452d1484252d2514c0334536953a3c34e5d7003d3ad358cabfdf5d4b762b4ca7f6bf1a19247d7850528364d694d2ebd71ac9eb53d35d8b062b3debbdd1c2d43200033e678d15a8767fd9639a66ea2fb75b9aa55ccb65beeda1b2da011bc1e6afd05159b66bac23227a14ed39787b4f5e13b3298decbbf85e6f9281ff00bd39575710875b5b6e24290a18503ceb79d77a1616b5b4865d50627b1e28b2c0f136ae87aa4f31ef580bc89f66bab965be3063dc1adc0fe1793c9493cea93b2251f288196dcb893e130fc85bb19a49445da39d84939291ef5644c055d62a9b1196f34b4f8b6524e3cea2b5030a5c24c840f1c75ed7b73ab8e8ed6a6dd6e5466561b4ac051f0839f3153c9271568d6097234dba22a34afb323b7075769c37db532365894de53263a7927686f291d09f4ab9692b9766ed4d0bd31a5ee336ea84eda506395ad1e7b4b56ca7d6a2a75f63ad0a0d24a9479e3155667575e3465f4dd6d6965487d9ee9c43a8ca0efcefc6083e753c7294bfd2a35e58f1a97584ac71da476857bd457136b9f01eb65be3b9e382a385ac8de0acf03e406ef5a88817a8924a184a0b0b0365083f29f206a3b516a893a9a7489d3520ca7f1b440c25200c000542b2db8ebe86da054e2943640ad9222504e392ff009a5a4190064e4e003eb4b41c8210149292010771079d3ad33a9d7a354f5bae313ed2d2d315fc68ca4ed9609e2a00f2f2fd8d35e741008c11907760d22a32a2fccf653a2b54b1f69696bdc88ccb9bca23381c4a4f4d957893e86a58762d0e6c865cbfea2bbddd0c8d96db79cd90074cef38fa563a2d886247c44191220bff009e338539fa53d54cd46e23bb7355dd94df0203c46efad2a669dd7b37ab95f34af675634b2b5c7831da1fc28ace0ad67c93c49f335885eee379d737c17cb84571986d0220c4e2109fcc7ccf5fed53da36d3a7e04a3709b10dd65a86e725af6d493d403baacd35f8f2652dd6d843285704278573727c850d6cf4383e13e4dbc7b3325214856169293cf34558f502e2ec613b25ce58aae56fc73738db3cff0091c5f8a6e09d894b4945598870a80b95f09db6e1ef4a772dce5527365840ee907c67713d28d23a61cd61aaa3da19414c26c87a6b89e09403c3d4f0a2cbe34af2691d97f65f6d976789a8b5030a972a40ef198ef7ddb68cf8494f3246fdfbab6469a6d96d2db484b6848c04a0600f6a565a6e3b4865a404368484a12380037015d2a1bb346ec00a28a290831559d63a2ad7aced7f093d1b0f2325894dfcec9ea0f31d4559a8a00f2c5ead374d1f72fb2b5037b4caf298f340fe1bc9f33c8f51c7f7aae292bb2ced8cff00a759da69ce43c8d7adef763b7ea1b53d6db9c64bf15d1bd2771078820f223ad79e759e82b8e8a0b0ea1cb969d5abc0f81e38fd02ba7af0f4e15698d24c8d624a1f4f8772b98ae8b425c414ad21493b882371aac7f16de94ba870c8867eedf4714f91e952d16e895a0151db4fe74ff5a664e2d6455d82deb56432a4f9254714ea3418d0b3dc32124ee2ae27eb5c2e12506d3256d39bc23760e08ae512eb09b84c21d968ef03602b39ce7ce8b1fd9c494e54669a22e9056b4a1329b2a51c246789a7791d2821a6b629a4e9451ca800a3de8e745007da1c5b472dad493e46ba99f2d49c17d78f5ae19a4dd4baa6529c961314a8a8e54493d4d252f01bf95347a732d6424edaba0e1f5a64ec74480324803a9a8f913f6bc0c938fcff00da99cb9c549da7dc09474a9dd27a06ff00ad5697186d56fb513e298f277a87f20e7fb522e30b20e041b85f6eaddaaccc2a44c74e091f2b639a94790f3af4a684d130f4558c436941e96e90b95231bdc5f41e4390fef4ef4a68eb468fb77c25ae3e14ac77afaf7b8e9eaa3fd38558703a54b669a54828a28a420a28a2800df451450015c9d650fb4b6dd4256dac6ca90a190a1d08aeb4500635abfb1b2975db968f5a23baac976dcefdd39d7649e1e8777a563936dcb87705c67d872d17141f1c77c10857a13cabd906a1afda5ecda9a1fc35e20332503e55286148f34a86f154a5eca52f67929d75d8e0b53a39403bb6c0ca555de33b14a708663389e852335ab5f3b14b9c0db734c5cd3223f11067efc0e815c3eb8accaf9a72e56f94c42b869f7a04e90f25a69c1f76b24e3711b8fb556c3aa7a3a32b82dac2be0508571ca46714f133e3ab795e3d454b6b5ec9af7a598370b4bef5c2dc8482e8032eb271bc94f34f98ff009acf9a96fada52be21bdb0772169f98791e1ed46f44fe36fc96e12983c1e49afaf8867ff00951f5aa7aae125b252e210143911be9c417ae17398dc4830cc892e1c21a69054a57b0fde8a62fc322ce65303797535cd53a38e0b27d054b37d93ebd71209b7426f3f9e4a777d29db5d8ceb87be776d4cfaba558fa26958bf195855c93f81b27d4d715dc1f3c02523ae2b408dd845eddc19ba8e2b5d430c151fa922a8faa744ccd237a7a3dd199b26df9cc79ad23c0b4ff3743d4503505e48991706c7dec8da3c8039fda9bb32fe2a635192eb3152e2b05f9248423cce01a908b26c11c6d365b49eae2493fad48b52205c13b285b2f7f29033f434d06178351d01d976962db77593728fa8648c1050a0596cf92789f7fa56b48425094a509094818000c002bca71e23f6b9626d8e5bd6e989e0a6944255e4474a76bbaeab9ce19737545c5b90a392961d29427d00c0a4d58fb27e4f50baeb6ca0add710da07152ce00f7348d3ed486fbc65d6dc41fc485050fa8af21deae321e7d2cddaeb71b9ba9194b6ebc76539ebbeb65ec3e026db6db8872e90dd764b89713063c80ef7000c64e0ee273fa0cd271a4575c59ae5145152486fa28a2800a28a2800a28a2800a28a28012b33d6c3ed3ed5f45da0e54d32a7272d3cb291e13fa514535b1a34ce5bebcdbae205934ef69f7345cad7dfc29ac26430db28f914adcac018e6154515a70ba9a33e48f68490cadead212ed5311060f72a414a4bf313b4415138dfbfa1ab8765d1acb0358dc26475901111280e950d856d119c240c83bbafef45155cfcd27f5f074fc6ff009fc5084a76dbfdbb36dda18cd7054c6532d118ed77aa4950c27763d68a2b0338c53b3b2dc4a10a5a8e120649e82a2a45ca04a8eb4f7c8294b8104119049f2e637f1a28a574c6b8d4e12b33855822c1eda182eda987edf7584a0e254c0521b753cf8601381f5a9dd55d9ce89b835b72207c0c957c8f421ddab3d703c27de8a2ae4dec9e056a299955db485ef4d6a7459c39f68c271b0e225a93b1b08dff0031dfc31e7ca9e1b2c673c2c5cd95388014bda184818c9d92324e28a2a65368da1c319ab641bba79c9f31f691f673f29b41521b5ed236d23760ace1209abbf667d9c5faddab99bedca1b36c8f1da5250d34e85178a8637e0918dffb514555b683960a1491b8d14515260145145007ffd9, ' image/jpeg', 2, 1, '78376e6e461c3788ad53d1ccc015fc50', '司法司法');

-- --------------------------------------------------------

--
-- 表的结构 `webchecksum`
--

CREATE TABLE IF NOT EXISTS `webchecksum` (
  `type` varchar(100) NOT NULL,
  `sum` int(11) NOT NULL
) ENGINE=InnoDB DEFAULT CHARSET=utf8;

--
-- 转存表中的数据 `webchecksum`
--

INSERT INTO `webchecksum` (`type`, `sum`) VALUES
('jsp', 128),
('servlet', 725),
('loginnum', 0);

--
-- 限制导出的表
--

--
-- 限制表 `survey`
--
ALTER TABLE `survey`
  ADD CONSTRAINT `survey_ibfk_1` FOREIGN KEY (`uid`) REFERENCES `users` (`id`) ON DELETE CASCADE ON UPDATE CASCADE;

--
-- 限制表 `survey_item`
--
ALTER TABLE `survey_item`
  ADD CONSTRAINT `survey_item_ibfk_1` FOREIGN KEY (`sqid`) REFERENCES `survey_question` (`id`) ON DELETE CASCADE ON UPDATE CASCADE;

--
-- 限制表 `survey_question`
--
ALTER TABLE `survey_question`
  ADD CONSTRAINT `survey_question_ibfk_1` FOREIGN KEY (`sid`) REFERENCES `survey` (`id`) ON DELETE CASCADE ON UPDATE CASCADE;

/*!40101 SET CHARACTER_SET_CLIENT=@OLD_CHARACTER_SET_CLIENT */;
/*!40101 SET CHARACTER_SET_RESULTS=@OLD_CHARACTER_SET_RESULTS */;
/*!40101 SET COLLATION_CONNECTION=@OLD_COLLATION_CONNECTION */;
